Entidad,AÃ±o,Clave_Ent,Enero,Febrero,Marzo,Abril,Mayo,Junio,Julio,Agosto,Septiembre,Octubre,Noviembre,Diciembre
AGUASCALIENTES,2015,1,6.0,1.0,4.0,4.0,4.0,4.0,2.0,3.0,4.0,2.0,2.0,2.0
AGUASCALIENTES,2016,1,0.0,3.0,7.0,5.0,5.0,3.0,1.0,2.0,4.0,4.0,2.0,3.0
AGUASCALIENTES,2017,1,5.0,2.0,4.0,6.0,10.0,12.0,3.0,10.0,10.0,9.0,5.0,6.0
AGUASCALIENTES,2018,1,9.0,7.0,5.0,8.0,9.0,6.0,4.0,5.0,10.0,3.0,5.0,4.0
AGUASCALIENTES,2019,1,9.0,7.0,9.0,6.0,10.0,6.0,5.0,2.0,11.0,11.0,7.0,8.0
AGUASCALIENTES,2020,1,4.0,9.0,7.0,4.0,11.0,8.0,10.0,6.0,2.0,4.0,5.0,2.0
AGUASCALIENTES,2021,1,3.0,5.0,6.0,5.0,7.0,7.0,6.0,9.0,4.0,12.0,2.0,9.0
AGUASCALIENTES,2022,1,6.0,3.0,5.0,2.0,4.0,8.0,7.0,9.0,8.0,8.0,4.0,6.0
AGUASCALIENTES,2023,1,5.0,7.0,12.0,6.0,2.0,0.0,0.0,0.0,0.0,0.0,0.0,0.0
BAJA CALIFORNIA,2015,2,49.0,56.0,56.0,60.0,75.0,76.0,72.0,77.0,86.0,68.0,78.0,68.0
BAJA CALIFORNIA,2016,2,87.0,71.0,88.0,75.0,98.0,81.0,104.0,81.0,126.0,100.0,124.0,133.0
BAJA CALIFORNIA,2017,2,129.0,125.0,151.0,146.0,185.0,186.0,174.0,197.0,230.0,206.0,178.0,177.0
BAJA CALIFORNIA,2018,2,212.0,183.0,208.0,240.0,239.0,220.0,272.0,242.0,239.0,255.0,253.0,235.0
BAJA CALIFORNIA,2019,2,234.0,184.0,181.0,194.0,231.0,241.0,260.0,248.0,213.0,218.0,217.0,185.0
BAJA CALIFORNIA,2020,2,193.0,170.0,225.0,220.0,240.0,197.0,245.0,250.0,229.0,206.0,225.0,229.0
BAJA CALIFORNIA,2021,2,244.0,217.0,240.0,239.0,252.0,241.0,252.0,235.0,195.0,176.0,196.0,183.0
BAJA CALIFORNIA,2022,2,200.0,150.0,187.0,194.0,213.0,230.0,229.0,205.0,203.0,223.0,175.0,190.0
BAJA CALIFORNIA,2023,2,175.0,142.0,152.0,164.0,193.0,0.0,0.0,0.0,0.0,0.0,0.0,0.0
BAJA CALIFORNIA SUR,2015,3,17.0,7.0,8.0,16.0,16.0,6.0,11.0,23.0,29.0,6.0,7.0,5.0
BAJA CALIFORNIA SUR,2016,3,9.0,4.0,6.0,12.0,10.0,17.0,12.0,29.0,31.0,25.0,32.0,29.0
BAJA CALIFORNIA SUR,2017,3,47.0,45.0,62.0,14.0,26.0,34.0,40.0,38.0,48.0,105.0,90.0,61.0
BAJA CALIFORNIA SUR,2018,3,35.0,18.0,24.0,14.0,12.0,6.0,6.0,14.0,20.0,5.0,4.0,4.0
BAJA CALIFORNIA SUR,2019,3,13.0,5.0,13.0,9.0,6.0,3.0,5.0,7.0,6.0,7.0,5.0,2.0
BAJA CALIFORNIA SUR,2020,3,6.0,2.0,2.0,3.0,7.0,5.0,6.0,8.0,3.0,5.0,5.0,10.0
BAJA CALIFORNIA SUR,2021,3,6.0,1.0,7.0,5.0,6.0,3.0,3.0,4.0,4.0,0.0,0.0,9.0
BAJA CALIFORNIA SUR,2022,3,4.0,3.0,3.0,3.0,5.0,3.0,2.0,3.0,6.0,3.0,0.0,4.0
BAJA CALIFORNIA SUR,2023,3,3.0,1.0,5.0,3.0,3.0,0.0,0.0,0.0,0.0,0.0,0.0,0.0
CAMPECHE,2015,4,2.0,3.0,9.0,4.0,7.0,5.0,0.0,3.0,3.0,4.0,3.0,6.0
CAMPECHE,2016,4,12.0,3.0,4.0,7.0,7.0,5.0,8.0,8.0,6.0,7.0,7.0,7.0
CAMPECHE,2017,4,7.0,6.0,8.0,6.0,5.0,8.0,3.0,7.0,5.0,3.0,4.0,4.0
CAMPECHE,2018,4,4.0,7.0,2.0,3.0,4.0,10.0,6.0,9.0,5.0,5.0,7.0,7.0
CAMPECHE,2019,4,3.0,5.0,2.0,4.0,9.0,5.0,7.0,12.0,6.0,11.0,3.0,6.0
CAMPECHE,2020,4,4.0,9.0,8.0,3.0,6.0,5.0,7.0,9.0,7.0,9.0,2.0,8.0
CAMPECHE,2021,4,5.0,11.0,6.0,3.0,12.0,5.0,7.0,15.0,9.0,4.0,1.0,7.0
CAMPECHE,2022,4,5.0,4.0,3.0,2.0,11.0,9.0,9.0,1.0,7.0,8.0,15.0,13.0
CAMPECHE,2023,4,10.0,4.0,9.0,8.0,10.0,0.0,0.0,0.0,0.0,0.0,0.0,0.0
CHIAPAS,2015,7,37.0,40.0,32.0,48.0,40.0,38.0,34.0,57.0,53.0,45.0,40.0,38.0
CHIAPAS,2016,7,36.0,34.0,40.0,35.0,34.0,40.0,39.0,40.0,38.0,50.0,44.0,38.0
CHIAPAS,2017,7,46.0,46.0,42.0,43.0,38.0,45.0,34.0,41.0,39.0,34.0,31.0,36.0
CHIAPAS,2018,7,41.0,46.0,51.0,50.0,52.0,43.0,57.0,45.0,53.0,44.0,41.0,39.0
CHIAPAS,2019,7,49.0,47.0,35.0,42.0,38.0,45.0,46.0,36.0,55.0,31.0,52.0,49.0
CHIAPAS,2020,7,38.0,35.0,27.0,33.0,32.0,40.0,42.0,48.0,29.0,36.0,33.0,26.0
CHIAPAS,2021,7,41.0,26.0,52.0,39.0,38.0,47.0,38.0,25.0,32.0,39.0,22.0,30.0
CHIAPAS,2022,7,28.0,37.0,38.0,37.0,30.0,28.0,35.0,29.0,23.0,22.0,35.0,35.0
CHIAPAS,2023,7,41.0,23.0,37.0,43.0,36.0,0.0,0.0,0.0,0.0,0.0,0.0,0.0
CHIHUAHUA,2015,8,94.0,87.0,83.0,63.0,87.0,99.0,84.0,97.0,59.0,70.0,60.0,62.0
CHIHUAHUA,2016,8,77.0,64.0,75.0,90.0,110.0,96.0,104.0,117.0,126.0,158.0,106.0,109.0
CHIHUAHUA,2017,8,121.0,145.0,118.0,100.0,139.0,170.0,107.0,119.0,133.0,135.0,129.0,150.0
CHIHUAHUA,2018,8,124.0,110.0,112.0,116.0,194.0,208.0,213.0,220.0,135.0,104.0,139.0,132.0
CHIHUAHUA,2019,8,162.0,151.0,172.0,176.0,209.0,205.0,206.0,186.0,181.0,188.0,197.0,146.0
CHIHUAHUA,2020,8,162.0,173.0,224.0,221.0,194.0,227.0,213.0,244.0,162.0,186.0,141.0,149.0
CHIHUAHUA,2021,8,160.0,152.0,176.0,171.0,212.0,181.0,198.0,195.0,142.0,149.0,152.0,171.0
CHIHUAHUA,2022,8,114.0,112.0,108.0,111.0,153.0,162.0,176.0,182.0,147.0,154.0,124.0,111.0
CHIHUAHUA,2023,8,140.0,150.0,161.0,116.0,172.0,0.0,0.0,0.0,0.0,0.0,0.0,0.0
CIUDAD DE MEXICO,2015,9,55.0,60.0,55.0,71.0,78.0,68.0,71.0,67.0,68.0,66.0,71.0,68.0
CIUDAD DE MEXICO,2016,9,65.0,66.0,69.0,70.0,72.0,73.0,74.0,68.0,89.0,82.0,77.0,101.0
CIUDAD DE MEXICO,2017,9,92.0,69.0,71.0,89.0,101.0,94.0,78.0,87.0,96.0,95.0,81.0,95.0
CIUDAD DE MEXICO,2018,9,74.0,115.0,118.0,131.0,115.0,123.0,120.0,109.0,100.0,110.0,102.0,147.0
CIUDAD DE MEXICO,2019,9,132.0,113.0,157.0,114.0,157.0,117.0,115.0,95.0,93.0,95.0,106.0,102.0
CIUDAD DE MEXICO,2020,9,106.0,95.0,120.0,111.0,96.0,96.0,90.0,73.0,73.0,95.0,84.0,89.0
CIUDAD DE MEXICO,2021,9,85.0,80.0,79.0,74.0,100.0,63.0,83.0,78.0,70.0,59.0,78.0,72.0
CIUDAD DE MEXICO,2022,9,45.0,45.0,56.0,58.0,68.0,53.0,63.0,66.0,53.0,60.0,75.0,67.0
CIUDAD DE MEXICO,2023,9,60.0,53.0,83.0,59.0,65.0,0.0,0.0,0.0,0.0,0.0,0.0,0.0
COAHUILA DE ZARAGOZA,2015,5,51.0,21.0,32.0,22.0,24.0,14.0,23.0,21.0,15.0,12.0,17.0,26.0
COAHUILA DE ZARAGOZA,2016,5,17.0,15.0,17.0,23.0,32.0,17.0,17.0,14.0,15.0,14.0,14.0,17.0
COAHUILA DE ZARAGOZA,2017,5,19.0,20.0,16.0,24.0,23.0,21.0,25.0,7.0,19.0,14.0,17.0,17.0
COAHUILA DE ZARAGOZA,2018,5,23.0,15.0,14.0,19.0,22.0,23.0,17.0,18.0,22.0,14.0,20.0,21.0
COAHUILA DE ZARAGOZA,2019,5,29.0,19.0,20.0,17.0,22.0,16.0,20.0,14.0,22.0,13.0,14.0,16.0
COAHUILA DE ZARAGOZA,2020,5,26.0,12.0,21.0,11.0,9.0,21.0,22.0,16.0,14.0,15.0,20.0,7.0
COAHUILA DE ZARAGOZA,2021,5,15.0,9.0,9.0,15.0,10.0,14.0,14.0,8.0,14.0,7.0,13.0,9.0
COAHUILA DE ZARAGOZA,2022,5,11.0,7.0,11.0,16.0,12.0,8.0,13.0,6.0,14.0,10.0,7.0,13.0
COAHUILA DE ZARAGOZA,2023,5,9.0,9.0,8.0,10.0,8.0,0.0,0.0,0.0,0.0,0.0,0.0,0.0
COLIMA,2015,6,8.0,9.0,11.0,7.0,12.0,11.0,8.0,9.0,20.0,15.0,23.0,29.0
COLIMA,2016,6,28.0,39.0,46.0,53.0,37.0,31.0,43.0,40.0,40.0,39.0,48.0,58.0
COLIMA,2017,6,69.0,34.0,48.0,33.0,52.0,78.0,82.0,55.0,48.0,64.0,59.0,76.0
COLIMA,2018,6,56.0,51.0,52.0,46.0,49.0,52.0,41.0,49.0,51.0,69.0,53.0,48.0
COLIMA,2019,6,59.0,45.0,48.0,52.0,59.0,50.0,61.0,58.0,60.0,50.0,62.0,57.0
COLIMA,2020,6,58.0,56.0,49.0,54.0,50.0,42.0,34.0,29.0,39.0,46.0,46.0,41.0
COLIMA,2021,6,49.0,48.0,39.0,37.0,37.0,42.0,40.0,36.0,39.0,38.0,30.0,39.0
COLIMA,2022,6,32.0,58.0,82.0,70.0,74.0,55.0,47.0,63.0,67.0,76.0,55.0,59.0
COLIMA,2023,6,63.0,43.0,63.0,67.0,78.0,0.0,0.0,0.0,0.0,0.0,0.0,0.0
DURANGO,2015,10,17.0,20.0,31.0,28.0,21.0,19.0,22.0,15.0,13.0,14.0,14.0,22.0
DURANGO,2016,10,7.0,15.0,27.0,11.0,20.0,28.0,23.0,21.0,19.0,20.0,19.0,26.0
DURANGO,2017,10,15.0,18.0,18.0,21.0,19.0,17.0,13.0,25.0,14.0,15.0,19.0,22.0
DURANGO,2018,10,12.0,18.0,16.0,7.0,18.0,22.0,17.0,14.0,11.0,14.0,13.0,18.0
DURANGO,2019,10,5.0,15.0,11.0,12.0,19.0,8.0,21.0,14.0,9.0,12.0,9.0,15.0
DURANGO,2020,10,3.0,14.0,12.0,16.0,13.0,7.0,19.0,19.0,12.0,12.0,6.0,10.0
DURANGO,2021,10,10.0,11.0,17.0,11.0,14.0,10.0,7.0,6.0,15.0,11.0,9.0,7.0
DURANGO,2022,10,9.0,8.0,7.0,11.0,11.0,11.0,11.0,11.0,9.0,12.0,8.0,7.0
DURANGO,2023,10,9.0,8.0,7.0,7.0,7.0,0.0,0.0,0.0,0.0,0.0,0.0,0.0
GUANAJUATO,2015,11,62.0,64.0,59.0,68.0,66.0,82.0,60.0,91.0,88.0,86.0,68.0,69.0
GUANAJUATO,2016,11,60.0,58.0,72.0,68.0,87.0,91.0,90.0,89.0,88.0,85.0,81.0,78.0
GUANAJUATO,2017,11,88.0,89.0,81.0,88.0,90.0,88.0,87.0,86.0,81.0,117.0,97.0,92.0
GUANAJUATO,2018,11,172.0,156.0,224.0,216.0,237.0,198.0,224.0,244.0,263.0,228.0,205.0,242.0
GUANAJUATO,2019,11,225.0,254.0,248.0,236.0,218.0,202.0,185.0,222.0,218.0,247.0,265.0,255.0
GUANAJUATO,2020,11,308.0,257.0,282.0,276.0,282.0,286.0,289.0,270.0,307.0,287.0,277.0,238.0
GUANAJUATO,2021,11,254.0,217.0,272.0,277.0,250.0,199.0,242.0,217.0,221.0,239.0,216.0,219.0
GUANAJUATO,2022,11,194.0,181.0,243.0,187.0,231.0,223.0,238.0,197.0,238.0,244.0,230.0,228.0
GUANAJUATO,2023,11,214.0,229.0,232.0,219.0,234.0,0.0,0.0,0.0,0.0,0.0,0.0,0.0
GUERRERO,2015,12,138.0,140.0,155.0,194.0,175.0,141.0,179.0,199.0,163.0,167.0,173.0,192.0
GUERRERO,2016,12,166.0,160.0,188.0,178.0,165.0,195.0,215.0,217.0,170.0,178.0,212.0,169.0
GUERRERO,2017,12,165.0,174.0,209.0,187.0,214.0,205.0,191.0,188.0,185.0,197.0,192.0,203.0
GUERRERO,2018,12,204.0,164.0,205.0,201.0,198.0,182.0,189.0,176.0,188.0,171.0,174.0,170.0
GUERRERO,2019,12,142.0,135.0,115.0,111.0,147.0,139.0,155.0,135.0,94.0,129.0,138.0,139.0
GUERRERO,2020,12,102.0,97.0,128.0,116.0,107.0,78.0,86.0,111.0,93.0,109.0,96.0,99.0
GUERRERO,2021,12,87.0,87.0,98.0,89.0,120.0,110.0,94.0,94.0,97.0,102.0,110.0,78.0
GUERRERO,2022,12,84.0,83.0,84.0,98.0,89.0,120.0,116.0,76.0,112.0,102.0,83.0,90.0
GUERRERO,2023,12,123.0,109.0,115.0,111.0,111.0,0.0,0.0,0.0,0.0,0.0,0.0,0.0
HIDALGO,2015,13,4.0,16.0,13.0,7.0,8.0,5.0,11.0,15.0,21.0,20.0,12.0,14.0
HIDALGO,2016,13,14.0,7.0,12.0,10.0,11.0,7.0,15.0,15.0,11.0,9.0,15.0,9.0
HIDALGO,2017,13,30.0,13.0,16.0,15.0,13.0,10.0,9.0,23.0,16.0,12.0,11.0,16.0
HIDALGO,2018,13,20.0,14.0,19.0,12.0,19.0,5.0,22.0,22.0,19.0,13.0,21.0,17.0
HIDALGO,2019,13,26.0,16.0,25.0,14.0,21.0,31.0,30.0,18.0,29.0,26.0,16.0,35.0
HIDALGO,2020,13,29.0,22.0,30.0,22.0,22.0,30.0,33.0,33.0,14.0,26.0,15.0,20.0
HIDALGO,2021,13,17.0,19.0,27.0,20.0,17.0,12.0,15.0,25.0,31.0,20.0,20.0,18.0
HIDALGO,2022,13,24.0,15.0,26.0,24.0,35.0,30.0,25.0,16.0,17.0,24.0,24.0,14.0
HIDALGO,2023,13,20.0,22.0,14.0,23.0,12.0,0.0,0.0,0.0,0.0,0.0,0.0,0.0
JALISCO,2015,14,79.0,68.0,52.0,78.0,73.0,75.0,88.0,80.0,82.0,88.0,96.0,98.0
JALISCO,2016,14,81.0,81.0,91.0,76.0,118.0,76.0,90.0,98.0,112.0,88.0,96.0,98.0
JALISCO,2017,14,102.0,93.0,97.0,105.0,113.0,111.0,101.0,130.0,103.0,129.0,124.0,134.0
JALISCO,2018,14,115.0,134.0,167.0,153.0,166.0,146.0,156.0,179.0,184.0,192.0,189.0,179.0
JALISCO,2019,14,202.0,204.0,166.0,170.0,155.0,177.0,169.0,155.0,166.0,161.0,157.0,135.0
JALISCO,2020,14,149.0,128.0,169.0,155.0,144.0,147.0,152.0,131.0,144.0,143.0,132.0,159.0
JALISCO,2021,14,156.0,178.0,159.0,163.0,180.0,144.0,144.0,126.0,153.0,144.0,116.0,156.0
JALISCO,2022,14,123.0,119.0,121.0,115.0,148.0,151.0,142.0,126.0,141.0,167.0,132.0,119.0
JALISCO,2023,14,130.0,101.0,115.0,120.0,158.0,0.0,0.0,0.0,0.0,0.0,0.0,0.0
MEXICO,2015,15,167.0,146.0,167.0,179.0,185.0,182.0,146.0,154.0,188.0,161.0,167.0,179.0
MEXICO,2016,15,182.0,149.0,174.0,172.0,203.0,155.0,174.0,171.0,168.0,180.0,154.0,172.0
MEXICO,2017,15,164.0,140.0,167.0,181.0,194.0,170.0,149.0,148.0,172.0,194.0,171.0,181.0
MEXICO,2018,15,192.0,161.0,174.0,175.0,184.0,184.0,213.0,188.0,209.0,225.0,213.0,231.0
MEXICO,2019,15,236.0,207.0,243.0,220.0,208.0,201.0,216.0,206.0,191.0,176.0,210.0,225.0
MEXICO,2020,15,182.0,203.0,260.0,213.0,203.0,185.0,202.0,203.0,203.0,215.0,190.0,182.0
MEXICO,2021,15,158.0,205.0,207.0,180.0,211.0,174.0,186.0,196.0,202.0,220.0,199.0,208.0
MEXICO,2022,15,190.0,148.0,216.0,178.0,206.0,168.0,185.0,180.0,234.0,202.0,163.0,187.0
MEXICO,2023,15,216.0,186.0,181.0,205.0,179.0,0.0,0.0,0.0,0.0,0.0,0.0,0.0
MICHOACAN DE OCAMPO,2015,16,57.0,46.0,44.0,53.0,60.0,66.0,74.0,79.0,55.0,73.0,73.0,86.0
MICHOACAN DE OCAMPO,2016,16,75.0,83.0,77.0,92.0,96.0,97.0,147.0,128.0,137.0,108.0,106.0,116.0
MICHOACAN DE OCAMPO,2017,16,114.0,108.0,105.0,100.0,85.0,84.0,86.0,95.0,96.0,121.0,118.0,137.0
MICHOACAN DE OCAMPO,2018,16,103.0,109.0,95.0,99.0,105.0,86.0,121.0,127.0,135.0,145.0,103.0,110.0
MICHOACAN DE OCAMPO,2019,16,117.0,121.0,106.0,99.0,111.0,148.0,129.0,163.0,177.0,165.0,156.0,188.0
MICHOACAN DE OCAMPO,2020,16,169.0,177.0,182.0,175.0,153.0,132.0,143.0,160.0,151.0,183.0,177.0,174.0
MICHOACAN DE OCAMPO,2021,16,160.0,166.0,188.0,193.0,186.0,167.0,188.0,196.0,183.0,205.0,184.0,217.0
MICHOACAN DE OCAMPO,2022,16,203.0,208.0,200.0,193.0,167.0,159.0,134.0,141.0,136.0,154.0,134.0,140.0
MICHOACAN DE OCAMPO,2023,16,124.0,119.0,114.0,125.0,121.0,0.0,0.0,0.0,0.0,0.0,0.0,0.0
MORELOS,2015,17,29.0,37.0,59.0,33.0,32.0,43.0,38.0,42.0,48.0,31.0,40.0,48.0
MORELOS,2016,17,42.0,39.0,43.0,36.0,51.0,55.0,47.0,55.0,52.0,53.0,51.0,62.0
MORELOS,2017,17,56.0,50.0,59.0,58.0,45.0,42.0,44.0,47.0,54.0,34.0,42.0,44.0
MORELOS,2018,17,59.0,63.0,55.0,46.0,53.0,41.0,76.0,43.0,70.0,65.0,55.0,67.0
MORELOS,2019,17,73.0,81.0,85.0,77.0,68.0,77.0,68.0,80.0,74.0,77.0,86.0,65.0
MORELOS,2020,17,57.0,70.0,77.0,78.0,64.0,66.0,63.0,63.0,58.0,80.0,60.0,66.0
MORELOS,2021,17,71.0,56.0,84.0,99.0,98.0,90.0,90.0,75.0,83.0,101.0,92.0,96.0
MORELOS,2022,17,77.0,67.0,91.0,105.0,99.0,66.0,93.0,76.0,84.0,108.0,89.0,86.0
MORELOS,2023,17,99.0,82.0,116.0,98.0,91.0,0.0,0.0,0.0,0.0,0.0,0.0,0.0
NAYARIT,2015,18,5.0,5.0,7.0,7.0,4.0,11.0,9.0,12.0,6.0,5.0,8.0,4.0
NAYARIT,2016,18,4.0,4.0,3.0,2.0,2.0,2.0,1.0,7.0,3.0,6.0,5.0,1.0
NAYARIT,2017,18,4.0,10.0,8.0,5.0,10.0,13.0,13.0,23.0,36.0,39.0,45.0,44.0
NAYARIT,2018,18,41.0,24.0,42.0,31.0,34.0,33.0,26.0,24.0,25.0,23.0,14.0,12.0
NAYARIT,2019,18,13.0,11.0,11.0,12.0,18.0,19.0,14.0,13.0,15.0,15.0,13.0,14.0
NAYARIT,2020,18,18.0,14.0,10.0,10.0,17.0,11.0,10.0,12.0,14.0,20.0,12.0,11.0
NAYARIT,2021,18,22.0,18.0,17.0,20.0,14.0,19.0,12.0,18.0,17.0,14.0,20.0,10.0
NAYARIT,2022,18,9.0,17.0,14.0,11.0,22.0,11.0,10.0,9.0,10.0,11.0,7.0,19.0
NAYARIT,2023,18,13.0,8.0,9.0,5.0,12.0,0.0,0.0,0.0,0.0,0.0,0.0,0.0
NUEVO LEON,2015,19,34.0,31.0,33.0,32.0,41.0,55.0,33.0,36.0,49.0,50.0,25.0,31.0
NUEVO LEON,2016,19,48.0,89.0,39.0,46.0,61.0,45.0,65.0,51.0,65.0,57.0,39.0,36.0
NUEVO LEON,2017,19,44.0,46.0,60.0,54.0,73.0,63.0,42.0,37.0,48.0,61.0,49.0,36.0
NUEVO LEON,2018,19,45.0,44.0,40.0,61.0,58.0,34.0,70.0,60.0,74.0,83.0,83.0,94.0
NUEVO LEON,2019,19,92.0,105.0,65.0,61.0,78.0,85.0,74.0,74.0,69.0,64.0,54.0,68.0
NUEVO LEON,2020,19,67.0,73.0,80.0,76.0,78.0,87.0,60.0,74.0,70.0,59.0,72.0,51.0
NUEVO LEON,2021,19,79.0,69.0,81.0,81.0,87.0,98.0,108.0,100.0,89.0,70.0,44.0,97.0
NUEVO LEON,2022,19,90.0,103.0,81.0,92.0,129.0,127.0,120.0,153.0,119.0,127.0,87.0,100.0
NUEVO LEON,2023,19,108.0,85.0,97.0,121.0,106.0,0.0,0.0,0.0,0.0,0.0,0.0,0.0
OAXACA,2015,20,0.0,47.0,0.0,0.0,56.0,0.0,0.0,41.0,0.0,0.0,57.0,0.0
OAXACA,2016,20,48.0,47.0,65.0,53.0,55.0,63.0,74.0,81.0,79.0,0.0,91.0,82.0
OAXACA,2017,20,69.0,62.0,68.0,101.0,63.0,70.0,74.0,75.0,64.0,67.0,74.0,68.0
OAXACA,2018,20,65.0,83.0,92.0,103.0,91.0,80.0,68.0,82.0,80.0,78.0,87.0,74.0
OAXACA,2019,20,77.0,63.0,73.0,82.0,85.0,98.0,91.0,94.0,74.0,99.0,79.0,96.0
OAXACA,2020,20,91.0,56.0,83.0,75.0,77.0,57.0,63.0,71.0,50.0,66.0,52.0,68.0
OAXACA,2021,20,67.0,58.0,71.0,59.0,52.0,54.0,56.0,65.0,60.0,75.0,52.0,64.0
OAXACA,2022,20,54.0,52.0,60.0,59.0,86.0,57.0,66.0,97.0,65.0,92.0,60.0,77.0
OAXACA,2023,20,77.0,63.0,59.0,66.0,76.0,0.0,0.0,0.0,0.0,0.0,0.0,0.0
PUEBLA,2015,21,39.0,35.0,37.0,38.0,40.0,39.0,41.0,47.0,43.0,48.0,54.0,32.0
PUEBLA,2016,21,42.0,47.0,52.0,69.0,57.0,52.0,52.0,49.0,60.0,45.0,35.0,21.0
PUEBLA,2017,21,51.0,55.0,72.0,68.0,81.0,65.0,94.0,72.0,86.0,84.0,98.0,68.0
PUEBLA,2018,21,82.0,86.0,94.0,104.0,98.0,86.0,95.0,98.0,93.0,88.0,95.0,86.0
PUEBLA,2019,21,78.0,119.0,100.0,82.0,113.0,87.0,100.0,86.0,87.0,87.0,78.0,92.0
PUEBLA,2020,21,74.0,71.0,82.0,92.0,76.0,65.0,76.0,82.0,64.0,62.0,62.0,66.0
PUEBLA,2021,21,61.0,47.0,76.0,71.0,62.0,57.0,77.0,69.0,69.0,64.0,78.0,66.0
PUEBLA,2022,21,59.0,88.0,75.0,87.0,89.0,62.0,72.0,80.0,78.0,71.0,61.0,88.0
PUEBLA,2023,21,74.0,64.0,69.0,61.0,80.0,0.0,0.0,0.0,0.0,0.0,0.0,0.0
QUERETARO,2015,22,9.0,9.0,12.0,11.0,11.0,10.0,12.0,13.0,10.0,13.0,13.0,8.0
QUERETARO,2016,22,12.0,9.0,12.0,8.0,14.0,7.0,7.0,6.0,15.0,8.0,12.0,8.0
QUERETARO,2017,22,12.0,12.0,14.0,21.0,8.0,21.0,10.0,20.0,19.0,14.0,9.0,15.0
QUERETARO,2018,22,14.0,10.0,15.0,12.0,14.0,16.0,14.0,18.0,22.0,7.0,16.0,22.0
QUERETARO,2019,22,13.0,16.0,18.0,13.0,15.0,11.0,17.0,17.0,20.0,9.0,12.0,15.0
QUERETARO,2020,22,12.0,11.0,26.0,11.0,18.0,8.0,15.0,23.0,11.0,22.0,13.0,12.0
QUERETARO,2021,22,15.0,14.0,16.0,21.0,22.0,9.0,14.0,11.0,16.0,14.0,19.0,14.0
QUERETARO,2022,22,17.0,12.0,3.0,15.0,15.0,11.0,13.0,9.0,20.0,16.0,17.0,18.0
QUERETARO,2023,22,16.0,10.0,18.0,15.0,16.0,0.0,0.0,0.0,0.0,0.0,0.0,0.0
QUINTANA ROO,2015,23,15.0,12.0,11.0,20.0,11.0,23.0,21.0,29.0,24.0,23.0,27.0,12.0
QUINTANA ROO,2016,23,8.0,12.0,8.0,14.0,11.0,12.0,13.0,23.0,18.0,18.0,18.0,10.0
QUINTANA ROO,2017,23,13.0,17.0,20.0,24.0,26.0,34.0,35.0,38.0,32.0,48.0,35.0,37.0
QUINTANA ROO,2018,23,40.0,33.0,44.0,57.0,67.0,59.0,95.0,87.0,82.0,61.0,63.0,75.0
QUINTANA ROO,2019,23,57.0,60.0,54.0,69.0,32.0,48.0,69.0,64.0,57.0,62.0,51.0,62.0
QUINTANA ROO,2020,23,59.0,65.0,64.0,50.0,41.0,33.0,51.0,45.0,55.0,44.0,44.0,30.0
QUINTANA ROO,2021,23,29.0,46.0,50.0,61.0,54.0,48.0,40.0,60.0,54.0,51.0,53.0,39.0
QUINTANA ROO,2022,23,29.0,35.0,47.0,41.0,51.0,47.0,46.0,49.0,61.0,53.0,52.0,51.0
QUINTANA ROO,2023,23,47.0,50.0,51.0,58.0,63.0,0.0,0.0,0.0,0.0,0.0,0.0,0.0
SAN LUIS POTOSI,2015,24,19.0,13.0,15.0,13.0,25.0,21.0,22.0,19.0,17.0,26.0,23.0,28.0
SAN LUIS POTOSI,2016,24,20.0,15.0,13.0,18.0,35.0,34.0,21.0,27.0,23.0,43.0,29.0,28.0
SAN LUIS POTOSI,2017,24,37.0,32.0,26.0,23.0,43.0,43.0,46.0,48.0,44.0,36.0,28.0,45.0
SAN LUIS POTOSI,2018,24,30.0,37.0,43.0,41.0,50.0,43.0,41.0,44.0,32.0,35.0,31.0,30.0
SAN LUIS POTOSI,2019,24,34.0,29.0,47.0,28.0,36.0,39.0,34.0,40.0,45.0,36.0,48.0,37.0
SAN LUIS POTOSI,2020,24,39.0,43.0,43.0,40.0,54.0,50.0,70.0,72.0,52.0,65.0,48.0,45.0
SAN LUIS POTOSI,2021,24,59.0,52.0,67.0,59.0,61.0,62.0,41.0,56.0,38.0,43.0,38.0,38.0
SAN LUIS POTOSI,2022,24,40.0,53.0,50.0,51.0,66.0,54.0,40.0,46.0,37.0,40.0,33.0,37.0
SAN LUIS POTOSI,2023,24,39.0,40.0,36.0,39.0,45.0,0.0,0.0,0.0,0.0,0.0,0.0,0.0
SINALOA,2015,25,54.0,67.0,55.0,72.0,86.0,71.0,72.0,77.0,65.0,68.0,81.0,73.0
SINALOA,2016,25,71.0,83.0,43.0,71.0,79.0,74.0,66.0,93.0,96.0,79.0,89.0,78.0
SINALOA,2017,25,99.0,103.0,119.0,120.0,143.0,125.0,114.0,101.0,82.0,81.0,80.0,83.0
SINALOA,2018,25,76.0,64.0,86.0,97.0,85.0,105.0,76.0,81.0,72.0,94.0,60.0,67.0
SINALOA,2019,25,70.0,63.0,52.0,73.0,71.0,65.0,70.0,75.0,79.0,66.0,72.0,66.0
SINALOA,2020,25,54.0,53.0,69.0,51.0,56.0,70.0,69.0,65.0,69.0,64.0,50.0,30.0
SINALOA,2021,25,53.0,48.0,42.0,40.0,63.0,43.0,47.0,41.0,54.0,46.0,39.0,40.0
SINALOA,2022,25,32.0,29.0,40.0,40.0,50.0,35.0,35.0,31.0,47.0,30.0,31.0,35.0
SINALOA,2023,25,42.0,31.0,54.0,40.0,44.0,0.0,0.0,0.0,0.0,0.0,0.0,0.0
SONORA,2015,26,36.0,43.0,52.0,32.0,57.0,62.0,67.0,69.0,48.0,56.0,41.0,26.0
SONORA,2016,26,54.0,80.0,56.0,35.0,46.0,49.0,58.0,57.0,51.0,47.0,46.0,51.0
SONORA,2017,26,65.0,48.0,48.0,67.0,60.0,66.0,54.0,56.0,64.0,65.0,80.0,54.0
SONORA,2018,26,44.0,36.0,57.0,58.0,55.0,54.0,78.0,74.0,91.0,68.0,60.0,70.0
SONORA,2019,26,70.0,48.0,66.0,62.0,65.0,128.0,98.0,106.0,90.0,109.0,112.0,108.0
SONORA,2020,26,104.0,105.0,86.0,104.0,125.0,101.0,117.0,129.0,108.0,119.0,109.0,123.0
SONORA,2021,26,125.0,110.0,142.0,147.0,146.0,119.0,158.0,138.0,123.0,136.0,121.0,135.0
SONORA,2022,26,132.0,91.0,112.0,113.0,135.0,119.0,121.0,115.0,121.0,113.0,107.0,164.0
SONORA,2023,26,125.0,113.0,119.0,76.0,85.0,0.0,0.0,0.0,0.0,0.0,0.0,0.0
TABASCO,2015,27,23.0,12.0,18.0,17.0,16.0,22.0,28.0,23.0,18.0,21.0,17.0,18.0
TABASCO,2016,27,11.0,19.0,22.0,18.0,25.0,17.0,22.0,21.0,22.0,28.0,34.0,37.0
TABASCO,2017,27,28.0,34.0,26.0,27.0,32.0,26.0,34.0,36.0,32.0,37.0,35.0,41.0
TABASCO,2018,27,32.0,33.0,32.0,36.0,53.0,53.0,65.0,45.0,35.0,38.0,42.0,44.0
TABASCO,2019,27,36.0,52.0,57.0,64.0,50.0,50.0,39.0,39.0,46.0,54.0,42.0,35.0
TABASCO,2020,27,49.0,47.0,54.0,30.0,31.0,36.0,54.0,45.0,41.0,41.0,37.0,43.0
TABASCO,2021,27,32.0,40.0,35.0,46.0,39.0,33.0,28.0,41.0,34.0,23.0,17.0,22.0
TABASCO,2022,27,28.0,22.0,20.0,23.0,27.0,24.0,26.0,22.0,27.0,24.0,18.0,29.0
TABASCO,2023,27,21.0,18.0,22.0,25.0,22.0,0.0,0.0,0.0,0.0,0.0,0.0,0.0
TAMAULIPAS,2015,28,36.0,67.0,51.0,57.0,44.0,47.0,45.0,46.0,37.0,28.0,44.0,31.0
TAMAULIPAS,2016,28,30.0,40.0,61.0,47.0,47.0,53.0,60.0,45.0,60.0,55.0,50.0,46.0
TAMAULIPAS,2017,28,45.0,49.0,41.0,45.0,72.0,84.0,57.0,69.0,76.0,93.0,93.0,77.0
TAMAULIPAS,2018,28,71.0,69.0,97.0,81.0,96.0,65.0,78.0,67.0,64.0,46.0,52.0,65.0
TAMAULIPAS,2019,28,53.0,59.0,61.0,53.0,47.0,55.0,67.0,61.0,49.0,61.0,48.0,49.0
TAMAULIPAS,2020,28,58.0,73.0,46.0,47.0,51.0,49.0,55.0,51.0,43.0,40.0,30.0,29.0
TAMAULIPAS,2021,28,35.0,39.0,40.0,42.0,47.0,47.0,35.0,56.0,50.0,58.0,37.0,39.0
TAMAULIPAS,2022,28,34.0,23.0,27.0,30.0,38.0,40.0,36.0,46.0,29.0,26.0,26.0,27.0
TAMAULIPAS,2023,28,26.0,23.0,31.0,31.0,44.0,0.0,0.0,0.0,0.0,0.0,0.0,0.0
TLAXCALA,2015,29,5.0,3.0,7.0,8.0,2.0,6.0,3.0,4.0,2.0,6.0,5.0,8.0
TLAXCALA,2016,29,6.0,5.0,9.0,3.0,4.0,5.0,7.0,11.0,8.0,5.0,8.0,5.0
TLAXCALA,2017,29,7.0,10.0,11.0,10.0,9.0,10.0,8.0,11.0,11.0,8.0,10.0,15.0
TLAXCALA,2018,29,13.0,16.0,7.0,8.0,14.0,6.0,12.0,10.0,12.0,12.0,5.0,8.0
TLAXCALA,2019,29,15.0,7.0,13.0,14.0,12.0,23.0,7.0,12.0,17.0,8.0,10.0,13.0
TLAXCALA,2020,29,14.0,9.0,13.0,5.0,5.0,8.0,9.0,9.0,15.0,5.0,12.0,5.0
TLAXCALA,2021,29,8.0,6.0,13.0,10.0,11.0,10.0,9.0,7.0,14.0,13.0,9.0,7.0
TLAXCALA,2022,29,5.0,11.0,10.0,18.0,10.0,13.0,9.0,12.0,8.0,17.0,7.0,11.0
TLAXCALA,2023,29,4.0,10.0,17.0,7.0,14.0,0.0,0.0,0.0,0.0,0.0,0.0,0.0
VERACRUZ DE IGNACIO DE LA LLAVE,2015,30,27.0,34.0,39.0,35.0,35.0,35.0,54.0,51.0,46.0,54.0,59.0,56.0
VERACRUZ DE IGNACIO DE LA LLAVE,2016,30,77.0,48.0,56.0,50.0,74.0,76.0,128.0,174.0,126.0,141.0,124.0,126.0
VERACRUZ DE IGNACIO DE LA LLAVE,2017,30,115.0,113.0,152.0,113.0,137.0,158.0,152.0,153.0,160.0,176.0,141.0,152.0
VERACRUZ DE IGNACIO DE LA LLAVE,2018,30,131.0,124.0,147.0,134.0,135.0,134.0,109.0,119.0,126.0,124.0,110.0,104.0
VERACRUZ DE IGNACIO DE LA LLAVE,2019,30,118.0,124.0,143.0,124.0,124.0,142.0,127.0,127.0,106.0,103.0,95.0,98.0
VERACRUZ DE IGNACIO DE LA LLAVE,2020,30,98.0,102.0,100.0,116.0,92.0,144.0,105.0,130.0,92.0,82.0,106.0,126.0
VERACRUZ DE IGNACIO DE LA LLAVE,2021,30,108.0,93.0,106.0,96.0,96.0,80.0,82.0,93.0,84.0,101.0,78.0,90.0
VERACRUZ DE IGNACIO DE LA LLAVE,2022,30,82.0,56.0,78.0,77.0,77.0,62.0,70.0,86.0,71.0,69.0,59.0,67.0
VERACRUZ DE IGNACIO DE LA LLAVE,2023,30,78.0,47.0,64.0,79.0,83.0,0.0,0.0,0.0,0.0,0.0,0.0,0.0
YUCATAN,2015,31,1.0,1.0,8.0,3.0,8.0,4.0,7.0,1.0,4.0,2.0,4.0,9.0
YUCATAN,2016,31,2.0,9.0,3.0,1.0,5.0,3.0,3.0,6.0,4.0,6.0,6.0,2.0
YUCATAN,2017,31,7.0,6.0,3.0,4.0,2.0,1.0,2.0,6.0,2.0,0.0,2.0,2.0
YUCATAN,2018,31,2.0,4.0,1.0,8.0,3.0,1.0,11.0,6.0,2.0,5.0,2.0,3.0
YUCATAN,2019,31,2.0,5.0,2.0,3.0,2.0,2.0,2.0,1.0,5.0,1.0,3.0,5.0
YUCATAN,2020,31,3.0,6.0,2.0,3.0,2.0,6.0,4.0,3.0,4.0,5.0,3.0,11.0
YUCATAN,2021,31,6.0,3.0,6.0,3.0,0.0,3.0,7.0,4.0,5.0,1.0,0.0,4.0
YUCATAN,2022,31,4.0,5.0,2.0,1.0,6.0,2.0,4.0,4.0,3.0,4.0,2.0,2.0
YUCATAN,2023,31,2.0,2.0,2.0,6.0,4.0,0.0,0.0,0.0,0.0,0.0,0.0,0.0
ZACATECAS,2015,32,22.0,18.0,20.0,17.0,11.0,20.0,23.0,16.0,19.0,24.0,24.0,18.0
ZACATECAS,2016,32,31.0,36.0,28.0,26.0,38.0,38.0,37.0,57.0,45.0,36.0,34.0,43.0
ZACATECAS,2017,32,47.0,33.0,38.0,41.0,38.0,33.0,54.0,65.0,57.0,69.0,42.0,34.0
ZACATECAS,2018,32,31.0,41.0,48.0,36.0,42.0,44.0,48.0,47.0,59.0,55.0,57.0,53.0
ZACATECAS,2019,32,39.0,35.0,46.0,36.0,49.0,43.0,49.0,36.0,40.0,45.0,48.0,44.0
ZACATECAS,2020,32,39.0,53.0,52.0,56.0,66.0,75.0,63.0,70.0,70.0,62.0,84.0,99.0
ZACATECAS,2021,32,109.0,95.0,80.0,82.0,96.0,75.0,87.0,102.0,119.0,107.0,102.0,80.0
ZACATECAS,2022,32,100.0,56.0,85.0,83.0,72.0,77.0,84.0,71.0,67.0,99.0,98.0,89.0
ZACATECAS,2023,32,93.0,68.0,73.0,72.0,67.0,0.0,0.0,0.0,0.0,0.0,0.0,0.0
