Entidad,AÃ±o,Clave_Ent,Enero,Febrero,Marzo,Abril,Mayo,Junio,Julio,Agosto,Septiembre,Octubre,Noviembre,Diciembre,Poblacion,Enero_percapita,Febrero_percapita,Marzo_percapita,Abril_percapita,Mayo_percapita,Junio_percapita,Julio_percapita,Agosto_percapita,Septiembre_percapita,Octubre_percapita,Noviembre_percapita,Diciembre_percapita
AGUASCALIENTES,2015,1,6.0,1.0,4.0,4.0,4.0,4.0,2.0,3.0,4.0,2.0,2.0,2.0,1331825.0,4.5050963902915175e-06,7.508493983819195e-07,3.003397593527678e-06,3.003397593527678e-06,3.003397593527678e-06,3.003397593527678e-06,1.501698796763839e-06,2.2525481951457588e-06,3.003397593527678e-06,1.501698796763839e-06,1.501698796763839e-06,1.501698796763839e-06
AGUASCALIENTES,2016,1,0.0,3.0,7.0,5.0,5.0,3.0,1.0,2.0,4.0,4.0,2.0,3.0,1355321.0,0.0,2.2134977617848466e-06,5.164828110831308e-06,3.6891629363080777e-06,3.6891629363080777e-06,2.2134977617848466e-06,7.378325872616155e-07,1.475665174523231e-06,2.951330349046462e-06,2.951330349046462e-06,1.475665174523231e-06,2.2134977617848466e-06
AGUASCALIENTES,2017,1,5.0,2.0,4.0,6.0,10.0,12.0,3.0,10.0,10.0,9.0,5.0,6.0,1375782.0,3.6342967127059376e-06,1.4537186850823749e-06,2.9074373701647497e-06,4.361156055247125e-06,7.268593425411875e-06,8.72231211049425e-06,2.1805780276235623e-06,7.268593425411875e-06,7.268593425411875e-06,6.541734082870687e-06,3.6342967127059376e-06,4.361156055247125e-06
AGUASCALIENTES,2018,1,9.0,7.0,5.0,8.0,9.0,6.0,4.0,5.0,10.0,3.0,5.0,4.0,1395794.0,6.44794289128625e-06,5.015066693222639e-06,3.5821904951590276e-06,5.731504792254444e-06,6.44794289128625e-06,4.298628594190833e-06,2.865752396127222e-06,3.5821904951590276e-06,7.164380990318055e-06,2.1493142970954166e-06,3.5821904951590276e-06,2.865752396127222e-06
AGUASCALIENTES,2019,1,9.0,7.0,9.0,6.0,10.0,6.0,5.0,2.0,11.0,11.0,7.0,8.0,1415421.0,6.358532196427777e-06,4.945525041666048e-06,6.358532196427777e-06,4.2390214642851845e-06,7.0650357738086405e-06,4.2390214642851845e-06,3.5325178869043203e-06,1.4130071547617282e-06,7.771539351189504e-06,7.771539351189504e-06,4.945525041666048e-06,5.652028619046913e-06
AGUASCALIENTES,2020,1,4.0,9.0,7.0,4.0,11.0,8.0,10.0,6.0,2.0,4.0,5.0,2.0,1434635.0,2.7881656309793085e-06,6.273372669703444e-06,4.879289854213789e-06,2.7881656309793085e-06,7.667455485193097e-06,5.576331261958617e-06,6.9704140774482705e-06,4.1822484464689625e-06,1.3940828154896542e-06,2.7881656309793085e-06,3.4852070387241353e-06,1.3940828154896542e-06
AGUASCALIENTES,2021,1,3.0,5.0,6.0,5.0,7.0,7.0,6.0,9.0,4.0,12.0,2.0,9.0,1453452.0,2.0640516508285105e-06,3.4400860847141837e-06,4.128103301657021e-06,3.4400860847141837e-06,4.816120518599857e-06,4.816120518599857e-06,4.128103301657021e-06,6.192154952485531e-06,2.7520688677713473e-06,8.256206603314042e-06,1.3760344338856736e-06,6.192154952485531e-06
AGUASCALIENTES,2022,1,6.0,3.0,5.0,2.0,4.0,8.0,7.0,9.0,8.0,8.0,4.0,6.0,1471859.0,4.076477434319456e-06,2.038238717159728e-06,3.3970645285995466e-06,1.3588258114398186e-06,2.7176516228796373e-06,5.4353032457592745e-06,4.755890340039365e-06,6.114716151479183e-06,5.4353032457592745e-06,5.4353032457592745e-06,2.7176516228796373e-06,4.076477434319456e-06
AGUASCALIENTES,2023,1,5.0,7.0,12.0,6.0,2.0,0.0,0.0,0.0,0.0,0.0,0.0,0.0,1489875.0,3.355986240456414e-06,4.69838073663898e-06,8.054366977095394e-06,4.027183488547697e-06,1.3423944961825657e-06,0.0,0.0,0.0,0.0,0.0,0.0,0.0
BAJA CALIFORNIA,2015,2,49.0,56.0,56.0,60.0,75.0,76.0,72.0,77.0,86.0,68.0,78.0,68.0,3357794.0,1.4592914276456506e-05,1.6677616315950294e-05,1.6677616315950294e-05,1.7868874624232457e-05,2.233609328029057e-05,2.2633907857361114e-05,2.1442649549078948e-05,2.2931722434431655e-05,2.561205362806652e-05,2.0251391240796785e-05,2.3229537011502195e-05,2.0251391240796785e-05
BAJA CALIFORNIA,2016,2,87.0,71.0,88.0,75.0,98.0,81.0,104.0,81.0,126.0,100.0,124.0,133.0,3403335.0,2.5563160840763545e-05,2.0861889881542663e-05,2.585699027571485e-05,2.2037207621347885e-05,2.87952846252279e-05,2.3800184231055713e-05,3.055826123493573e-05,2.3800184231055713e-05,3.7022508803864444e-05,2.938294349513051e-05,3.643484993396184e-05,3.907931484852358e-05
BAJA CALIFORNIA,2017,2,129.0,125.0,151.0,146.0,185.0,186.0,174.0,197.0,230.0,206.0,178.0,177.0,3462872.0,3.725231541910876e-05,3.6097204863477484e-05,4.36054234750808e-05,4.21615352805417e-05,5.3423863197946674e-05,5.37126408368545e-05,5.024730916996066e-05,5.6889194864840515e-05,6.641885694879857e-05,5.9488193615010896e-05,5.1402419725591936e-05,5.111364208668412e-05
BAJA CALIFORNIA,2018,2,212.0,183.0,208.0,240.0,239.0,220.0,272.0,242.0,239.0,255.0,253.0,235.0,3521242.0,6.0206029577064e-05,5.197029911605053e-05,5.9070066754855247e-05,6.815776933252529e-05,6.78737786269731e-05,6.247795522148151e-05,7.724547191019533e-05,6.872575074362966e-05,6.78737786269731e-05,7.241762991580812e-05,7.184964850470374e-05,6.673781580476434e-05
BAJA CALIFORNIA,2019,2,234.0,184.0,181.0,194.0,231.0,241.0,260.0,248.0,213.0,218.0,217.0,185.0,3578561.0,6.538941211285765e-05,5.141731550754619e-05,5.05789897112275e-05,5.4211734828608484e-05,6.455108631653897e-05,6.734550563760126e-05,7.265490234761961e-05,6.930159916234487e-05,5.952113153862684e-05,6.0918341199157986e-05,6.063889926705176e-05,5.1696757439652416e-05
BAJA CALIFORNIA,2020,2,193.0,170.0,225.0,220.0,240.0,197.0,245.0,250.0,229.0,206.0,225.0,229.0,3634868.0,5.309683872976956e-05,4.676923618684365e-05,6.190045965905777e-05,6.052489388885649e-05,6.602715696966162e-05,5.419729134593058e-05,6.74027227398629e-05,6.877828851006418e-05,6.30009122752188e-05,5.667330973229289e-05,6.190045965905777e-05,6.30009122752188e-05
BAJA CALIFORNIA,2021,2,244.0,217.0,240.0,239.0,252.0,241.0,252.0,235.0,195.0,176.0,196.0,183.0,3690160.0,6.612179417694625e-05,5.8805038263923514e-05,6.503783033797993e-05,6.476683937823834e-05,6.828972185487893e-05,6.530882129772151e-05,6.828972185487893e-05,6.368287553927201e-05,5.284323714960869e-05,4.7694408914518614e-05,5.311422810935027e-05,4.9591345632709695e-05
BAJA CALIFORNIA,2022,2,200.0,150.0,187.0,194.0,213.0,230.0,229.0,205.0,203.0,223.0,175.0,190.0,3744415.0,5.341288292029596e-05,4.005966219022197e-05,4.994104553047672e-05,5.181049643268708e-05,5.68847203101152e-05,6.142481535834036e-05,6.115775094373887e-05,5.4748204993303357e-05,5.42140761641004e-05,5.955536445613e-05,4.673627255525897e-05,5.074223877428116e-05
BAJA CALIFORNIA,2023,2,175.0,142.0,152.0,164.0,193.0,0.0,0.0,0.0,0.0,0.0,0.0,0.0,3797610.0,4.608161448911289e-05,3.739193861402303e-05,4.0025173727686625e-05,4.318505586408294e-05,5.0821437693707355e-05,0.0,0.0,0.0,0.0,0.0,0.0,0.0
BAJA CALIFORNIA SUR,2015,3,17.0,7.0,8.0,16.0,16.0,6.0,11.0,23.0,29.0,6.0,7.0,5.0,719846.0,2.361616234583508e-05,9.724302142402681e-06,1.111348816274592e-05,2.222697632549184e-05,2.222697632549184e-05,8.335116122059441e-06,1.528104622377564e-05,3.195127846789452e-05,4.028639458995396e-05,8.335116122059441e-06,9.724302142402681e-06,6.945930101716201e-06
BAJA CALIFORNIA SUR,2016,3,9.0,4.0,6.0,12.0,10.0,17.0,12.0,29.0,31.0,25.0,32.0,29.0,736995.0,1.2211751775792238e-05,5.4274452336854385e-06,8.141167850528158e-06,1.6282335701056316e-05,1.3568613084213598e-05,2.3066642243163114e-05,1.6282335701056316e-05,3.934897794421943e-05,4.206270056106215e-05,3.392153271053399e-05,4.341956186948351e-05,3.934897794421943e-05
BAJA CALIFORNIA SUR,2017,3,47.0,45.0,62.0,14.0,26.0,34.0,40.0,38.0,48.0,105.0,90.0,61.0,754270.0,6.231190422527742e-05,5.9660333832712424e-05,8.21986821695149e-05,1.8560992747954977e-05,3.4470415103344954e-05,4.507669667360494e-05,5.3031407851299934e-05,5.0379837458734934e-05,6.363768942155992e-05,0.0001392074456096623,0.00011932066766542485,8.087289697323239e-05
BAJA CALIFORNIA SUR,2018,3,35.0,18.0,24.0,14.0,12.0,6.0,6.0,14.0,20.0,5.0,4.0,4.0,771294.0,4.537828636032434e-05,2.333740441388109e-05,3.111653921850812e-05,1.8151314544129735e-05,1.555826960925406e-05,7.77913480462703e-06,7.77913480462703e-06,1.8151314544129735e-05,2.5930449348756765e-05,6.482612337189191e-06,5.186089869751353e-06,5.186089869751353e-06
BAJA CALIFORNIA SUR,2019,3,13.0,5.0,13.0,9.0,6.0,3.0,5.0,7.0,6.0,7.0,5.0,2.0,788119.0,1.649497093713005e-05,6.344219591203866e-06,1.649497093713005e-05,1.141959526416696e-05,7.6130635094446394e-06,3.8065317547223197e-06,6.344219591203866e-06,8.881907427685414e-06,7.6130635094446394e-06,8.881907427685414e-06,6.344219591203866e-06,2.5376878364815465e-06
BAJA CALIFORNIA SUR,2020,3,6.0,2.0,2.0,3.0,7.0,5.0,6.0,8.0,3.0,5.0,5.0,10.0,804708.0,7.4561207295068524e-06,2.485373576502284e-06,2.485373576502284e-06,3.7280603647534262e-06,8.698807517757994e-06,6.21343394125571e-06,7.4561207295068524e-06,9.941494306009136e-06,3.7280603647534262e-06,6.21343394125571e-06,6.21343394125571e-06,1.242686788251142e-05
BAJA CALIFORNIA SUR,2021,3,6.0,1.0,7.0,5.0,6.0,3.0,3.0,4.0,4.0,0.0,0.0,9.0,821059.0,7.307635626672383e-06,1.2179392711120638e-06,8.525574897784447e-06,6.089696355560319e-06,7.307635626672383e-06,3.6538178133361914e-06,3.6538178133361914e-06,4.871757084448255e-06,4.871757084448255e-06,0.0,0.0,1.0961453440008574e-05
BAJA CALIFORNIA SUR,2022,3,4.0,3.0,3.0,3.0,5.0,3.0,2.0,3.0,6.0,3.0,0.0,4.0,837168.0,4.7780134931101045e-06,3.5835101198325784e-06,3.5835101198325784e-06,3.5835101198325784e-06,5.972516866387631e-06,3.5835101198325784e-06,2.3890067465550523e-06,3.5835101198325784e-06,7.167020239665157e-06,3.5835101198325784e-06,0.0,4.7780134931101045e-06
BAJA CALIFORNIA SUR,2023,3,3.0,1.0,5.0,3.0,3.0,0.0,0.0,0.0,0.0,0.0,0.0,0.0,853026.0,3.516891630501298e-06,1.1722972101670993e-06,5.861486050835496e-06,3.516891630501298e-06,3.516891630501298e-06,0.0,0.0,0.0,0.0,0.0,0.0,0.0
CAMPECHE,2015,4,2.0,3.0,9.0,4.0,7.0,5.0,0.0,3.0,3.0,4.0,3.0,6.0,916832.0,2.181424732121043e-06,3.272137098181564e-06,9.816411294544692e-06,4.362849464242086e-06,7.63498656242365e-06,5.453561830302607e-06,0.0,3.272137098181564e-06,3.272137098181564e-06,4.362849464242086e-06,3.272137098181564e-06,6.544274196363128e-06
CAMPECHE,2016,4,12.0,3.0,4.0,7.0,7.0,5.0,8.0,8.0,6.0,7.0,7.0,7.0,933436.0,1.285572872698289e-05,3.2139321817457223e-06,4.285242908994297e-06,7.499175090740019e-06,7.499175090740019e-06,5.35655363624287e-06,8.570485817988593e-06,8.570485817988593e-06,6.427864363491445e-06,7.499175090740019e-06,7.499175090740019e-06,7.499175090740019e-06
CAMPECHE,2017,4,7.0,6.0,8.0,6.0,5.0,8.0,3.0,7.0,5.0,3.0,4.0,4.0,950458.0,7.364870409844517e-06,6.312746065581015e-06,8.41699475410802e-06,6.312746065581015e-06,5.260621721317512e-06,8.41699475410802e-06,3.1563730327905074e-06,7.364870409844517e-06,5.260621721317512e-06,3.1563730327905074e-06,4.20849737705401e-06,4.20849737705401e-06
CAMPECHE,2018,4,4.0,7.0,2.0,3.0,4.0,10.0,6.0,9.0,5.0,5.0,7.0,7.0,967319.0,4.135140527581905e-06,7.236495923268332e-06,2.0675702637909523e-06,3.101355395686428e-06,4.135140527581905e-06,1.033785131895476e-05,6.202710791372856e-06,9.304066187059285e-06,5.16892565947738e-06,5.16892565947738e-06,7.236495923268332e-06,7.236495923268332e-06
CAMPECHE,2019,4,3.0,5.0,2.0,4.0,9.0,5.0,7.0,12.0,6.0,11.0,3.0,6.0,984046.0,3.048637970176191e-06,5.081063283626985e-06,2.032425313450794e-06,4.064850626901588e-06,9.145913910528572e-06,5.081063283626985e-06,7.1134885970777786e-06,1.2194551880704764e-05,6.097275940352382e-06,1.1178339223979366e-05,3.048637970176191e-06,6.097275940352382e-06
CAMPECHE,2020,4,4.0,9.0,8.0,3.0,6.0,5.0,7.0,9.0,7.0,9.0,2.0,8.0,1000617.0,3.997533521817039e-06,8.994450424088338e-06,7.995067043634078e-06,2.9981501413627794e-06,5.996300282725559e-06,4.996916902271299e-06,6.995683663179818e-06,8.994450424088338e-06,6.995683663179818e-06,8.994450424088338e-06,1.9987667609085194e-06,7.995067043634078e-06
CAMPECHE,2021,4,5.0,11.0,6.0,3.0,12.0,5.0,7.0,15.0,9.0,4.0,1.0,7.0,1017011.0,4.916367669572895e-06,1.081600887306037e-05,5.899641203487475e-06,2.9498206017437375e-06,1.179928240697495e-05,4.916367669572895e-06,6.882914737402054e-06,1.4749103008718687e-05,8.849461805231211e-06,3.933094135658317e-06,9.832735339145792e-07,6.882914737402054e-06
CAMPECHE,2022,4,5.0,4.0,3.0,2.0,11.0,9.0,9.0,1.0,7.0,8.0,15.0,13.0,1033223.0,4.839226381913682e-06,3.871381105530945e-06,2.9035358291482092e-06,1.9356905527654725e-06,1.06462980402101e-05,8.710607487444627e-06,8.710607487444627e-06,9.678452763827363e-07,6.774916934679154e-06,7.74276221106189e-06,1.4517679145741045e-05,1.2581988592975572e-05
CAMPECHE,2023,4,10.0,4.0,9.0,8.0,10.0,0.0,0.0,0.0,0.0,0.0,0.0,0.0,1049244.0,9.530671607366827e-06,3.812268642946731e-06,8.577604446630144e-06,7.624537285893462e-06,9.530671607366827e-06,0.0,0.0,0.0,0.0,0.0,0.0,0.0
CHIAPAS,2015,7,37.0,40.0,32.0,48.0,40.0,38.0,34.0,57.0,53.0,45.0,40.0,38.0,5307819.0,6.97084810164024e-06,7.536052001773233e-06,6.028841601418586e-06,9.04326240212788e-06,7.536052001773233e-06,7.159249401684571e-06,6.405644201507248e-06,1.0738874102526857e-05,9.985268902349533e-06,8.478058501994887e-06,7.536052001773233e-06,7.159249401684571e-06
CHIAPAS,2016,7,36.0,34.0,40.0,35.0,34.0,40.0,39.0,40.0,38.0,50.0,44.0,38.0,5393944.0,6.67415160409526e-06,6.303365403867745e-06,7.415724004550288e-06,6.488758503981502e-06,6.303365403867745e-06,7.415724004550288e-06,7.230330904436531e-06,7.415724004550288e-06,7.044937804322774e-06,9.26965500568786e-06,8.157296405005317e-06,7.044937804322774e-06
CHIAPAS,2017,7,46.0,46.0,42.0,43.0,38.0,45.0,34.0,41.0,39.0,34.0,31.0,36.0,5479352.0,8.395153295499175e-06,8.395153295499175e-06,7.665139965455769e-06,7.847643297966621e-06,6.935126635412363e-06,8.212649962988325e-06,6.205113305368956e-06,7.482636632944918e-06,7.1176299679232145e-06,6.205113305368956e-06,5.657603307836401e-06,6.5701199703906594e-06
CHIAPAS,2018,7,41.0,46.0,51.0,50.0,52.0,43.0,57.0,45.0,53.0,44.0,41.0,39.0,5563869.0,7.368972921540748e-06,8.267628155874986e-06,9.166283390209223e-06,8.986552343342376e-06,9.34601443707607e-06,7.728435015274443e-06,1.0244669671410309e-05,8.087897109008139e-06,9.525745483942919e-06,7.90816606214129e-06,7.368972921540748e-06,7.009510827807053e-06
CHIAPAS,2019,7,49.0,47.0,35.0,42.0,38.0,45.0,46.0,36.0,55.0,31.0,52.0,49.0,5647532.0,8.676356326976102e-06,8.322219334038302e-06,6.197397376411501e-06,7.436876851693802e-06,6.728602865818202e-06,7.968082341100502e-06,8.145150837569402e-06,6.374465872880401e-06,9.738767305789503e-06,5.489123390535902e-06,9.207561816382802e-06,8.676356326976102e-06
CHIAPAS,2020,7,38.0,35.0,27.0,33.0,32.0,40.0,42.0,48.0,29.0,36.0,33.0,26.0,5730367.0,6.631337923033551e-06,6.107811244899324e-06,4.7117401032080495e-06,5.758793459476505e-06,5.584284566765095e-06,6.9803557084563695e-06,7.329373493879188e-06,8.376426850147643e-06,5.060757888630868e-06,6.2823201376107324e-06,5.758793459476505e-06,4.53723121049664e-06
CHIAPAS,2021,7,41.0,26.0,52.0,39.0,38.0,47.0,38.0,25.0,32.0,39.0,22.0,30.0,5812375.0,7.0539151379599565e-06,4.473214477730704e-06,8.946428955461407e-06,6.7098217165960555e-06,6.5377750059141054e-06,8.086195402051658e-06,6.5377750059141054e-06,4.301167767048754e-06,5.505494741822405e-06,6.7098217165960555e-06,3.7850276350029034e-06,5.161401320458505e-06
CHIAPAS,2022,7,28.0,37.0,38.0,37.0,30.0,28.0,35.0,29.0,23.0,22.0,35.0,35.0,5893520.0,4.750980738166664e-06,6.278081689720235e-06,6.4477595732261876e-06,6.278081689720235e-06,5.090336505178569e-06,4.750980738166664e-06,5.938725922708331e-06,4.920658621672617e-06,3.902591320636903e-06,3.7329134371309507e-06,5.938725922708331e-06,5.938725922708331e-06
CHIAPAS,2023,7,41.0,23.0,37.0,43.0,36.0,0.0,0.0,0.0,0.0,0.0,0.0,0.0,5973838.0,6.863259432210917e-06,3.850121144898807e-06,6.193673146141559e-06,7.198052575245596e-06,6.026276574624219e-06,0.0,0.0,0.0,0.0,0.0,0.0,0.0
CHIHUAHUA,2015,8,94.0,87.0,83.0,63.0,87.0,99.0,84.0,97.0,59.0,70.0,60.0,62.0,3616481.0,2.599211775203575e-05,2.4056534515182022e-05,2.2950486951265608e-05,1.7420249131683534e-05,2.4056534515182022e-05,2.7374677206931268e-05,2.322699884224471e-05,2.682165342497306e-05,1.631420156776712e-05,1.9355832368537262e-05,1.6590713458746223e-05,1.714373724070443e-05
CHIHUAHUA,2016,8,77.0,64.0,75.0,90.0,110.0,96.0,104.0,117.0,126.0,158.0,106.0,109.0,3649416.0,2.1099266293565875e-05,1.7537052503743064e-05,2.0551233402823904e-05,2.4661480083388686e-05,3.0141808990808393e-05,2.6305578755614596e-05,2.849771031858248e-05,3.205992410840529e-05,3.452607211674416e-05,4.329459836861569e-05,2.904574320932445e-05,2.9867792545437407e-05
CHIHUAHUA,2017,8,121.0,145.0,118.0,100.0,139.0,170.0,107.0,119.0,133.0,135.0,129.0,150.0,3689398.0,3.279667848250582e-05,3.930180479308548e-05,3.198353769368336e-05,2.710469296074861e-05,3.7675523215440565e-05,4.6077978033272635e-05,2.9002021468001013e-05,3.2254584623290845e-05,3.604924163779565e-05,3.659133549701062e-05,3.4965053919365705e-05,4.0657039441122915e-05
CHIHUAHUA,2018,8,124.0,110.0,112.0,116.0,194.0,208.0,213.0,220.0,135.0,104.0,139.0,132.0,3727984.0,3.326194533023747e-05,2.9506564405855818e-05,3.0043047395053197e-05,3.111601337344796e-05,5.203884995214572e-05,5.579423087652737e-05,5.713543834952081e-05,5.9013128811711635e-05,3.621260177082305e-05,2.7897115438263685e-05,3.728556774921781e-05,3.540787728702698e-05
CHIHUAHUA,2019,8,162.0,151.0,172.0,176.0,209.0,205.0,206.0,186.0,181.0,188.0,197.0,146.0,3765325.0,4.302417454004634e-05,4.0102779972512334e-05,4.567998778325908e-05,4.674231308054418e-05,5.550649678314621e-05,5.444417148586111e-05,5.470975281018239e-05,4.939812632375691e-05,4.807021970215055e-05,4.992928897239946e-05,5.231952089129093e-05,3.877487335090596e-05
CHIHUAHUA,2020,8,162.0,173.0,224.0,221.0,194.0,227.0,213.0,244.0,162.0,186.0,141.0,149.0,3801487.0,4.2614903062933e-05,4.550850759189759e-05,5.892431040800613e-05,5.813514553647033e-05,5.1032661692648165e-05,5.971347527954193e-05,5.603070587904154e-05,6.418540955157811e-05,4.2614903062933e-05,4.8928222035219376e-05,3.709074896218243e-05,3.919518861961122e-05
CHIHUAHUA,2021,8,160.0,152.0,176.0,171.0,212.0,181.0,198.0,195.0,142.0,149.0,152.0,171.0,3836506.0,4.170461352073996e-05,3.961938284470297e-05,4.587507487281396e-05,4.457180570029084e-05,5.525861291498045e-05,4.717834404533709e-05,5.1609459231915706e-05,5.0827497728401835e-05,3.701284449965672e-05,3.883742134118909e-05,3.961938284470297e-05,4.457180570029084e-05
CHIHUAHUA,2022,8,114.0,112.0,108.0,111.0,153.0,162.0,176.0,182.0,147.0,154.0,124.0,111.0,3870381.0,2.9454464560465752e-05,2.893771956817688e-05,2.7904229583599133e-05,2.8679347072032444e-05,3.953099191009877e-05,4.18563443753987e-05,4.547355932142081e-05,4.702379429828743e-05,3.798075693323216e-05,3.978936440624321e-05,3.2038189521910115e-05,2.8679347072032444e-05
CHIHUAHUA,2023,8,140.0,150.0,161.0,116.0,172.0,0.0,0.0,0.0,0.0,0.0,0.0,0.0,3903129.0,3.586865819705165e-05,3.843070521112677e-05,4.124895692660939e-05,2.9719745363271366e-05,4.4067208642092024e-05,0.0,0.0,0.0,0.0,0.0,0.0,0.0
CIUDAD DE MEXICO,2015,9,55.0,60.0,55.0,71.0,78.0,68.0,71.0,67.0,68.0,66.0,71.0,68.0,9058734.0,6.071488576659829e-06,6.6234420836289044e-06,6.071488576659829e-06,7.837739798960871e-06,8.610474708717575e-06,7.506567694779425e-06,7.837739798960871e-06,7.39617699338561e-06,7.506567694779425e-06,7.285786291991795e-06,7.837739798960871e-06,7.506567694779425e-06
CIUDAD DE MEXICO,2016,9,65.0,66.0,69.0,70.0,72.0,73.0,74.0,68.0,89.0,82.0,77.0,101.0,9053990.0,7.179155267456668e-06,7.289603810032925e-06,7.620949437761694e-06,7.731397980337951e-06,7.952295065490463e-06,8.06274360806672e-06,8.173192150642976e-06,7.510500895185437e-06,9.829920289286822e-06,9.056780491253027e-06,8.504537778371746e-06,1.11553028002019e-05
CIUDAD DE MEXICO,2017,9,92.0,69.0,71.0,89.0,101.0,94.0,78.0,87.0,96.0,95.0,81.0,95.0,9049086.0,1.0166772644220643e-05,7.625079483165482e-06,7.846096279778974e-06,9.835247449300404e-06,1.1161348228981358e-05,1.0387789440834136e-05,8.619655067926198e-06,9.614230652686912e-06,1.0608806237447627e-05,1.0498297839140881e-05,8.951180262846436e-06,1.0498297839140881e-05
CIUDAD DE MEXICO,2018,9,74.0,115.0,118.0,131.0,115.0,123.0,120.0,109.0,100.0,110.0,102.0,147.0,9041395.0,8.184577711735854e-06,1.2719276173643558e-05,1.305108337817339e-05,1.4488914597802662e-05,1.2719276173643558e-05,1.360409538572311e-05,1.3272288181193279e-05,1.2055661764583894e-05,1.1060240150994398e-05,1.2166264166093839e-05,1.1281444954014286e-05,1.6258553021961767e-05
CIUDAD DE MEXICO,2019,9,132.0,113.0,157.0,114.0,157.0,117.0,115.0,95.0,93.0,95.0,106.0,102.0,9031213.0,1.4615976835005442e-05,1.2512161987542537e-05,1.7384154265877685e-05,1.2622889084777428e-05,1.7384154265877685e-05,1.2955070376482096e-05,1.2733616182012317e-05,1.0519074237314523e-05,1.0297620042844743e-05,1.0519074237314523e-05,1.1737072306898309e-05,1.1294163917958751e-05
CIUDAD DE MEXICO,2020,9,106.0,95.0,120.0,111.0,96.0,96.0,90.0,73.0,73.0,95.0,84.0,89.0,9018645.0,1.1753428591545626e-05,1.053373317166825e-05,1.3305768216844105e-05,1.2307835600580797e-05,1.0644614573475285e-05,1.0644614573475285e-05,9.979326162633078e-06,8.094342331913497e-06,8.094342331913497e-06,1.053373317166825e-05,9.314037751790872e-06,9.868444760826044e-06
CIUDAD DE MEXICO,2021,9,85.0,80.0,79.0,74.0,100.0,63.0,83.0,78.0,70.0,59.0,78.0,72.0,9003827.0,9.44043016375148e-06,8.885110742354335e-06,8.774046858074905e-06,8.21872743667776e-06,1.1106388427942918e-05,6.9970247096040385e-06,9.218302395192622e-06,8.662982973795476e-06,7.774471899560043e-06,6.552769172486322e-06,8.662982973795476e-06,7.9965996681189e-06
CIUDAD DE MEXICO,2022,9,45.0,45.0,56.0,58.0,68.0,53.0,63.0,66.0,53.0,60.0,75.0,67.0,8986774.0,5.007358591636999e-06,5.007358591636999e-06,6.231379580703821e-06,6.453928851443243e-06,7.566675205140354e-06,5.8975556745946874e-06,7.010302028291798e-06,7.344125934400932e-06,5.8975556745946874e-06,6.676478122182666e-06,8.345597652728331e-06,7.455400569770643e-06
CIUDAD DE MEXICO,2023,9,60.0,53.0,83.0,59.0,65.0,0.0,0.0,0.0,0.0,0.0,0.0,0.0,8967558.0,6.690784715303765e-06,5.910193165184992e-06,9.255585522836874e-06,6.579271636715369e-06,7.248350108245745e-06,0.0,0.0,0.0,0.0,0.0,0.0,0.0
COAHUILA DE ZARAGOZA,2015,5,51.0,21.0,32.0,22.0,24.0,14.0,23.0,21.0,15.0,12.0,17.0,26.0,3000556.0,1.699684991714869e-05,6.9987029070612245e-06,1.0664690144093295e-05,7.3319744740641405e-06,7.998517608069972e-06,4.665801938040816e-06,7.665246041067056e-06,6.9987029070612245e-06,4.9990735050437315e-06,3.999258804034986e-06,5.665616639049563e-06,8.665060742075802e-06
COAHUILA DE ZARAGOZA,2016,5,17.0,15.0,17.0,23.0,32.0,17.0,17.0,14.0,15.0,14.0,14.0,17.0,3043062.0,5.586478356339766e-06,4.929245608535087e-06,5.586478356339766e-06,7.5581765997538e-06,1.0515723964874854e-05,5.586478356339766e-06,5.586478356339766e-06,4.6006292346327484e-06,4.929245608535087e-06,4.6006292346327484e-06,4.6006292346327484e-06,5.586478356339766e-06
COAHUILA DE ZARAGOZA,2017,5,19.0,20.0,16.0,24.0,23.0,21.0,25.0,7.0,19.0,14.0,17.0,17.0,3087852.0,6.15314464553353e-06,6.4769943637195045e-06,5.181595490975604e-06,7.772393236463406e-06,7.44854351827743e-06,6.80084408190548e-06,8.096242954649381e-06,2.2669480273018267e-06,6.15314464553353e-06,4.5338960546036535e-06,5.505445209161579e-06,5.505445209161579e-06
COAHUILA DE ZARAGOZA,2018,5,23.0,15.0,14.0,19.0,22.0,23.0,17.0,18.0,22.0,14.0,20.0,21.0,3132017.0,7.343510587586211e-06,4.789246035382311e-06,4.469962966356824e-06,6.0663783114842604e-06,7.024227518560723e-06,7.343510587586211e-06,5.427812173433286e-06,5.747095242458773e-06,7.024227518560723e-06,4.469962966356824e-06,6.3856613805097484e-06,6.704944449535236e-06
COAHUILA DE ZARAGOZA,2019,5,29.0,19.0,20.0,17.0,22.0,16.0,20.0,14.0,22.0,13.0,14.0,16.0,3175643.0,9.132008856159209e-06,5.9830402850698265e-06,6.297937142178765e-06,5.35324657085195e-06,6.927730856396642e-06,5.038349713743012e-06,6.297937142178765e-06,4.408555999525136e-06,6.927730856396642e-06,4.093659142416197e-06,4.408555999525136e-06,5.038349713743012e-06
COAHUILA DE ZARAGOZA,2020,5,26.0,12.0,21.0,11.0,9.0,21.0,22.0,16.0,14.0,15.0,20.0,7.0,3218720.0,8.077745190634787e-06,3.728190087985286e-06,6.524332653974251e-06,3.4175075806531787e-06,2.7961425659889647e-06,6.524332653974251e-06,6.8350151613063575e-06,4.970920117313715e-06,4.3495551026495004e-06,4.660237609981607e-06,6.213650146642144e-06,2.1747775513247502e-06
COAHUILA DE ZARAGOZA,2021,5,15.0,9.0,9.0,15.0,10.0,14.0,14.0,8.0,14.0,7.0,13.0,9.0,3261259.0,4.599450702934051e-06,2.7596704217604304e-06,2.7596704217604304e-06,4.599450702934051e-06,3.0663004686227007e-06,4.292820656071781e-06,4.292820656071781e-06,2.4530403748981605e-06,4.292820656071781e-06,2.1464103280358906e-06,3.98619060920951e-06,2.7596704217604304e-06
COAHUILA DE ZARAGOZA,2022,5,11.0,7.0,11.0,16.0,12.0,8.0,13.0,6.0,14.0,10.0,7.0,13.0,3303220.0,3.330083978663244e-06,2.119144350058428e-06,3.330083978663244e-06,4.843758514419264e-06,3.6328188858144476e-06,2.421879257209632e-06,3.935553792965652e-06,1.8164094429072238e-06,4.238288700116856e-06,3.02734907151204e-06,2.119144350058428e-06,3.935553792965652e-06
COAHUILA DE ZARAGOZA,2023,5,9.0,9.0,8.0,10.0,8.0,0.0,0.0,0.0,0.0,0.0,0.0,0.0,3344621.0,2.6908878464854465e-06,2.6908878464854465e-06,2.3919003079870635e-06,2.9898753849838292e-06,2.3919003079870635e-06,0.0,0.0,0.0,0.0,0.0,0.0,0.0
COLIMA,2015,6,8.0,9.0,11.0,7.0,12.0,11.0,8.0,9.0,20.0,15.0,23.0,29.0,721696.0,1.1084999778300005e-05,1.2470624750587505e-05,1.5241874695162506e-05,9.699374806012503e-06,1.6627499667450006e-05,1.5241874695162506e-05,1.1084999778300005e-05,1.2470624750587505e-05,2.771249944575001e-05,2.0784374584312508e-05,3.186937436261251e-05,4.018312419633752e-05
COLIMA,2016,6,28.0,39.0,46.0,53.0,37.0,31.0,43.0,40.0,40.0,39.0,48.0,58.0,734663.0,3.811271290373954e-05,5.308556440163721e-05,6.26137426275721e-05,7.214192085350699e-05,5.0363227765655815e-05,4.219621785771163e-05,5.85302376736e-05,5.444673271962791e-05,5.444673271962791e-05,5.308556440163721e-05,6.53360792635535e-05,7.894776244346047e-05
COLIMA,2017,6,69.0,34.0,48.0,33.0,52.0,78.0,82.0,55.0,48.0,64.0,59.0,76.0,747603.0,9.22949747392667e-05,4.547868320485605e-05,6.420519981862031e-05,4.4141074875301464e-05,6.955563313683867e-05,0.00010433344970525801,0.00010968388302347636,7.356845812550244e-05,6.420519981862031e-05,8.560693309149375e-05,7.89188914437208e-05,0.00010165823304614882
COLIMA,2018,6,56.0,51.0,52.0,46.0,49.0,52.0,41.0,49.0,51.0,69.0,53.0,48.0,760333.0,7.365193934762795e-05,6.707587333444688e-05,6.83910865370831e-05,6.049980732126581e-05,6.444544692917445e-05,6.83910865370831e-05,5.392374130808475e-05,6.444544692917445e-05,6.707587333444688e-05,9.074971098189872e-05,6.97062997397193e-05,6.313023372653825e-05
COLIMA,2019,6,59.0,45.0,48.0,52.0,59.0,50.0,61.0,58.0,60.0,50.0,62.0,57.0,772842.0,7.634160669321802e-05,5.82266491727934e-05,6.210842578431297e-05,6.728412793300572e-05,7.634160669321802e-05,6.469627685865934e-05,7.892945776756439e-05,7.504768115604483e-05,7.76355322303912e-05,6.469627685865934e-05,8.022338330473758e-05,7.375375561887164e-05
COLIMA,2020,6,58.0,56.0,49.0,54.0,50.0,42.0,34.0,29.0,39.0,46.0,46.0,41.0,785153.0,7.387095254046027e-05,7.132367831492716e-05,6.240821852556126e-05,6.877640408939405e-05,6.368185563832781e-05,5.349275873619537e-05,4.330366183406292e-05,3.6935476270230134e-05,4.9671847397895695e-05,5.858730718726159e-05,5.858730718726159e-05,5.221912162342881e-05
COLIMA,2021,6,49.0,48.0,39.0,37.0,37.0,42.0,40.0,36.0,39.0,38.0,30.0,39.0,797245.0,6.146165858675815e-05,6.0207339023763085e-05,4.891846295680751e-05,4.6409823830817376e-05,4.6409823830817376e-05,5.2681421645792696e-05,5.017278251980257e-05,4.515550426782231e-05,4.891846295680751e-05,4.766414339381244e-05,3.7629586889851924e-05,4.891846295680751e-05
COLIMA,2022,6,32.0,58.0,82.0,70.0,74.0,55.0,47.0,63.0,67.0,76.0,55.0,59.0,809115.0,3.9549384203728765e-05,7.168325886925838e-05,0.00010134529702205497,8.651427794565668e-05,9.145795097112277e-05,6.797550410015882e-05,5.808815804922662e-05,7.786285015109101e-05,8.28065231765571e-05,9.392978748385582e-05,6.797550410015882e-05,7.291917712562492e-05
COLIMA,2023,6,63.0,43.0,63.0,67.0,78.0,0.0,0.0,0.0,0.0,0.0,0.0,0.0,820771.0,7.675709789941409e-05,5.2389765232933426e-05,7.675709789941409e-05,8.163056443271022e-05,9.503259739927459e-05,0.0,0.0,0.0,0.0,0.0,0.0,0.0
DURANGO,2015,10,17.0,20.0,31.0,28.0,21.0,19.0,22.0,15.0,13.0,14.0,14.0,22.0,1781575.0,9.542118630986627e-06,1.1226021918807797e-05,1.7400333974152085e-05,1.5716430686330915e-05,1.1787323014748186e-05,1.0664720822867407e-05,1.2348624110688576e-05,8.419516439105847e-06,7.296914247225068e-06,7.858215343165458e-06,7.858215343165458e-06,1.2348624110688576e-05
DURANGO,2016,10,7.0,15.0,27.0,11.0,20.0,28.0,23.0,21.0,19.0,20.0,19.0,26.0,1801963.0,3.884652459567705e-06,8.324255270502224e-06,1.4983659486904004e-05,6.104453865034964e-06,1.10990070273363e-05,1.553860983827082e-05,1.2763858081436744e-05,1.1653957378703114e-05,1.0544056675969484e-05,1.10990070273363e-05,1.0544056675969484e-05,1.4428709135537189e-05
DURANGO,2017,10,15.0,18.0,18.0,21.0,19.0,17.0,13.0,25.0,14.0,15.0,19.0,22.0,1819494.0,8.24405026892092e-06,9.892860322705105e-06,9.892860322705105e-06,1.1541670376489287e-05,1.0442463673966499e-05,9.343256971443709e-06,7.1448435663981305e-06,1.3740083781534867e-05,7.694446917659525e-06,8.24405026892092e-06,1.0442463673966499e-05,1.2091273727750683e-05
DURANGO,2018,10,12.0,18.0,16.0,7.0,18.0,22.0,17.0,14.0,11.0,14.0,13.0,18.0,1836460.0,6.534310575781667e-06,9.8014658636725e-06,8.712414101042223e-06,3.811681169205972e-06,9.8014658636725e-06,1.1979569388933057e-05,9.256939982357361e-06,7.623362338411944e-06,5.989784694466528e-06,7.623362338411944e-06,7.078836457096806e-06,9.8014658636725e-06
DURANGO,2019,10,5.0,15.0,11.0,12.0,19.0,8.0,21.0,14.0,9.0,12.0,9.0,15.0,1852952.0,2.6983969363480545e-06,8.095190809044163e-06,5.9364732599657195e-06,6.47615264723533e-06,1.0253908358122607e-05,4.317435098156887e-06,1.1333267132661828e-05,7.555511421774552e-06,4.857114485426498e-06,6.47615264723533e-06,4.857114485426498e-06,8.095190809044163e-06
DURANGO,2020,10,3.0,14.0,12.0,16.0,13.0,7.0,19.0,19.0,12.0,12.0,6.0,10.0,1868996.0,1.6051398718884363e-06,7.490652735479369e-06,6.420559487553745e-06,8.560745983404993e-06,6.955606111516558e-06,3.7453263677396846e-06,1.016588585529343e-05,1.016588585529343e-05,6.420559487553745e-06,6.420559487553745e-06,3.2102797437768727e-06,5.350466239628121e-06
DURANGO,2021,10,10.0,11.0,17.0,11.0,14.0,10.0,7.0,6.0,15.0,11.0,9.0,7.0,1884622.0,5.306103823472293e-06,5.836714205819522e-06,9.020376499902898e-06,5.836714205819522e-06,7.42854535286121e-06,5.306103823472293e-06,3.714272676430605e-06,3.183662294083376e-06,7.95915573520844e-06,5.836714205819522e-06,4.775493441125064e-06,3.714272676430605e-06
DURANGO,2022,10,9.0,8.0,7.0,11.0,11.0,11.0,11.0,11.0,9.0,12.0,8.0,7.0,1899856.0,4.737201135243934e-06,4.210845453550164e-06,3.6844897718563934e-06,5.789912498631475e-06,5.789912498631475e-06,5.789912498631475e-06,5.789912498631475e-06,5.789912498631475e-06,4.737201135243934e-06,6.316268180325246e-06,4.210845453550164e-06,3.6844897718563934e-06
DURANGO,2023,10,9.0,8.0,7.0,7.0,7.0,0.0,0.0,0.0,0.0,0.0,0.0,0.0,1914693.0,4.700492454926194e-06,4.178215515489951e-06,3.6559385760537067e-06,3.6559385760537067e-06,3.6559385760537067e-06,0.0,0.0,0.0,0.0,0.0,0.0,0.0
GUANAJUATO,2015,11,62.0,64.0,59.0,68.0,66.0,82.0,60.0,91.0,88.0,86.0,68.0,69.0,5930618.0,1.045422247732024e-05,1.07914554604596e-05,9.948373002611195e-06,1.1465921426738327e-05,1.1128688443598964e-05,1.3826552308713864e-05,1.0116989494180876e-05,1.5344100732840994e-05,1.4838251258131952e-05,1.4501018274992589e-05,1.1465921426738327e-05,1.1634537918308008e-05
GUANAJUATO,2016,11,60.0,58.0,72.0,68.0,87.0,91.0,90.0,89.0,88.0,85.0,81.0,78.0,5997487.0,1.0004190088281976e-05,9.670717085339242e-06,1.2005028105938371e-05,1.1338082100052905e-05,1.4506075628008865e-05,1.5173021633894329e-05,1.5006285132422964e-05,1.4839548630951597e-05,1.467281212948023e-05,1.4172602625066131e-05,1.3505656619180667e-05,1.3005447114766569e-05
GUANAJUATO,2017,11,88.0,89.0,81.0,88.0,90.0,88.0,87.0,86.0,81.0,117.0,97.0,92.0,6058569.0,1.4524882030723756e-05,1.4689937508345618e-05,1.336949368737073e-05,1.4524882030723756e-05,1.4854992985967478e-05,1.4524882030723756e-05,1.4359826553101897e-05,1.4194771075480035e-05,1.336949368737073e-05,1.9311490881757723e-05,1.6010381329320504e-05,1.51851039412112e-05
GUANAJUATO,2018,11,172.0,156.0,224.0,216.0,237.0,198.0,224.0,244.0,263.0,228.0,205.0,242.0,6117205.0,2.8117416369077053e-05,2.5501842753348957e-05,3.661803062019337e-05,3.531024381232933e-05,3.8743184182972454e-05,3.236772349463521e-05,3.661803062019337e-05,3.98874976398535e-05,4.299349130853061e-05,3.72719240241254e-05,3.3512036951516256e-05,3.956055093788748e-05
GUANAJUATO,2019,11,225.0,254.0,248.0,236.0,218.0,202.0,185.0,222.0,218.0,247.0,265.0,255.0,6173718.0,3.6444813319947556e-05,4.114214481451858e-05,4.017028312598664e-05,3.822655974892277e-05,3.531097468332697e-05,3.271934351390848e-05,2.9965735396401325e-05,3.595888247568159e-05,3.531097468332697e-05,4.0008306177897984e-05,4.292389124349379e-05,4.1304121762607236e-05
GUANAJUATO,2020,11,308.0,257.0,282.0,276.0,282.0,286.0,289.0,270.0,307.0,287.0,277.0,238.0,6228175.0,4.945268878925207e-05,4.126409421700578e-05,4.5278111164185336e-05,4.431474709686224e-05,4.5278111164185336e-05,4.592035387573406e-05,4.640203590939561e-05,4.335138302953915e-05,4.929212811136489e-05,4.608091455362124e-05,4.447530777474942e-05,3.821344133714932e-05
GUANAJUATO,2021,11,254.0,217.0,272.0,277.0,250.0,199.0,242.0,217.0,221.0,239.0,216.0,219.0,6280645.0,4.0441706226032516e-05,3.4550591539563216e-05,4.330765391134191e-05,4.4103750490594516e-05,3.980482896263043e-05,3.1684643854253824e-05,3.853107443582626e-05,3.4550591539563216e-05,3.51874688029653e-05,3.805341648827469e-05,3.439137222371269e-05,3.486903017126426e-05
GUANAJUATO,2022,11,194.0,181.0,243.0,187.0,231.0,223.0,238.0,197.0,238.0,244.0,230.0,228.0,6331142.0,3.064218114204357e-05,2.858883910675199e-05,3.8381701121219524e-05,2.9536535430732717e-05,3.648630847325806e-05,3.522271337461709e-05,3.7591954184568916e-05,3.1116029304033936e-05,3.7591954184568916e-05,3.853965050854964e-05,3.632835908592794e-05,3.60124603112677e-05
GUANAJUATO,2023,11,214.0,229.0,232.0,219.0,234.0,0.0,0.0,0.0,0.0,0.0,0.0,0.0,6379677.0,3.354401798084762e-05,3.589523419445844e-05,3.63654774371806e-05,3.432775671871789e-05,3.667897293232871e-05,0.0,0.0,0.0,0.0,0.0,0.0,0.0
GUERRERO,2015,12,138.0,140.0,155.0,194.0,175.0,141.0,179.0,199.0,163.0,167.0,173.0,192.0,3576592.0,3.858421648317728e-05,3.914340802641174e-05,4.333734460067014e-05,5.4241579693741975e-05,4.892926003301467e-05,3.942300379802896e-05,5.0047643119483575e-05,5.563955855182811e-05,4.5574110773607946e-05,4.6692493860076856e-05,4.837006848978021e-05,5.368238815050752e-05
GUERRERO,2016,12,166.0,160.0,188.0,178.0,165.0,195.0,215.0,217.0,170.0,178.0,212.0,169.0,3597311.0,4.614557929520133e-05,4.4477666790555504e-05,5.226125847890272e-05,4.9481404304493e-05,4.5867593877760364e-05,5.4207156400989515e-05,5.9766864749808954e-05,6.03228355846909e-05,4.7257520964965217e-05,4.9481404304493e-05,5.893290849748604e-05,4.697953554752425e-05
GUERRERO,2017,12,165.0,174.0,209.0,187.0,214.0,205.0,191.0,188.0,185.0,197.0,192.0,203.0,3614241.0,4.565273870779508e-05,4.8142888091856634e-05,5.78268023632071e-05,5.1739770535501094e-05,5.921021868768574e-05,5.672006930362419e-05,5.2846503595084005e-05,5.201645380039682e-05,5.118640400570964e-05,5.450660318445837e-05,5.312318685997973e-05,5.616670277383274e-05
GUERRERO,2018,12,204.0,164.0,205.0,201.0,198.0,182.0,189.0,176.0,188.0,171.0,174.0,170.0,3629733.0,5.6202481008933715e-05,4.5182386693456514e-05,5.6477983366820646e-05,5.537597393527292e-05,5.4549466861612136e-05,5.0141429135421256e-05,5.2069945640629765e-05,4.848841498809968e-05,5.1794443282742834e-05,4.711090319866502e-05,4.7937410272325816e-05,4.68354008407781e-05
GUERRERO,2019,12,142.0,135.0,115.0,111.0,147.0,139.0,155.0,135.0,94.0,129.0,138.0,139.0,3643974.0,3.8968444890111726e-05,3.704746521243016e-05,3.1558951847625694e-05,3.0461249174664804e-05,4.0340573231312844e-05,3.8145167885391056e-05,4.253597857723464e-05,3.704746521243016e-05,2.5796012814581005e-05,3.540091120298882e-05,3.787074221715083e-05,3.8145167885391056e-05
GUERRERO,2020,12,102.0,97.0,128.0,116.0,107.0,78.0,86.0,111.0,93.0,109.0,96.0,99.0,3657048.0,2.7891348431849953e-05,2.6524125469504366e-05,3.5000907836046996e-05,3.1719572726417594e-05,2.9258571394195536e-05,2.132867821259114e-05,2.3516234952344076e-05,3.0352349764072004e-05,2.5430347099627898e-05,2.980546057913377e-05,2.625068087703525e-05,2.70710146544426e-05
GUERRERO,2021,12,87.0,87.0,98.0,89.0,120.0,110.0,94.0,94.0,97.0,102.0,110.0,78.0,3668973.0,2.3712357654308167e-05,2.3712357654308167e-05,2.6710471840485063e-05,2.425746932452215e-05,3.270670021283885e-05,2.9981141861768948e-05,2.5620248500057102e-05,2.5620248500057102e-05,2.6437916005378073e-05,2.7800695180913023e-05,2.9981141861768948e-05,2.1259355138345253e-05
GUERRERO,2022,12,84.0,83.0,84.0,98.0,89.0,120.0,116.0,76.0,112.0,102.0,83.0,90.0,3679821.0,2.2827197301173073e-05,2.2555444952349583e-05,2.2827197301173073e-05,2.6631730184701917e-05,2.418595904529052e-05,3.2610281858818675e-05,3.152327246352472e-05,2.0653178510585163e-05,3.0436263068230765e-05,2.7718739579995876e-05,2.2555444952349583e-05,2.4457711394114006e-05
GUERRERO,2023,12,123.0,109.0,115.0,111.0,111.0,0.0,0.0,0.0,0.0,0.0,0.0,0.0,3689597.0,3.333697420070539e-05,2.954252185265762e-05,3.1168715716106664e-05,3.00845864738073e-05,3.00845864738073e-05,0.0,0.0,0.0,0.0,0.0,0.0,0.0
HIDALGO,2015,13,4.0,16.0,13.0,7.0,8.0,5.0,11.0,15.0,21.0,20.0,12.0,14.0,2899495.0,1.3795505769108069e-06,5.5182023076432275e-06,4.483539374960122e-06,2.414213509593912e-06,2.7591011538216137e-06,1.7244382211385085e-06,3.793764086504719e-06,5.173314663415526e-06,7.242640528781736e-06,6.897752884554034e-06,4.138651730732421e-06,4.828427019187824e-06
HIDALGO,2016,13,14.0,7.0,12.0,10.0,11.0,7.0,15.0,15.0,11.0,9.0,15.0,9.0,2938756.0,4.7639205160278705e-06,2.3819602580139352e-06,4.083360442309603e-06,3.402800368591336e-06,3.7430804054504697e-06,2.3819602580139352e-06,5.104200552887004e-06,5.104200552887004e-06,3.7430804054504697e-06,3.0625203317322025e-06,5.104200552887004e-06,3.0625203317322025e-06
HIDALGO,2017,13,30.0,13.0,16.0,15.0,13.0,10.0,9.0,23.0,16.0,12.0,11.0,16.0,2976979.0,1.0077330071861441e-05,4.366843031139958e-06,5.374576038326102e-06,5.038665035930721e-06,4.366843031139958e-06,3.3591100239538135e-06,3.023199021558432e-06,7.72595305509377e-06,5.374576038326102e-06,4.030932028744576e-06,3.695021026349195e-06,5.374576038326102e-06
HIDALGO,2018,13,20.0,14.0,19.0,12.0,19.0,5.0,22.0,22.0,19.0,13.0,21.0,17.0,3014258.0,6.635132095527324e-06,4.644592466869127e-06,6.303375490750958e-06,3.981079257316394e-06,6.303375490750958e-06,1.658783023881831e-06,7.298645305080056e-06,7.298645305080056e-06,6.303375490750958e-06,4.312835862092761e-06,6.96688870030369e-06,5.639862281198225e-06
HIDALGO,2019,13,26.0,16.0,25.0,14.0,21.0,31.0,30.0,18.0,29.0,26.0,16.0,35.0,3050720.0,8.522578276603556e-06,5.2446635548329575e-06,8.194786804426495e-06,4.5890806104788375e-06,6.883620915718257e-06,1.0161535637488855e-05,9.833744165311796e-06,5.9002464991870775e-06,9.505952693134735e-06,8.522578276603556e-06,5.2446635548329575e-06,1.1472701526197095e-05
HIDALGO,2020,13,29.0,22.0,30.0,22.0,22.0,30.0,33.0,33.0,14.0,26.0,15.0,20.0,3086414.0,9.396017514176647e-06,7.1280132866167665e-06,9.720018118113772e-06,7.1280132866167665e-06,7.1280132866167665e-06,9.720018118113772e-06,1.0692019929925149e-05,1.0692019929925149e-05,4.5360084551197604e-06,8.42401570236527e-06,4.860009059056886e-06,6.480012078742515e-06
HIDALGO,2021,13,17.0,19.0,27.0,20.0,17.0,12.0,15.0,25.0,31.0,20.0,20.0,18.0,3121355.0,5.446352625702619e-06,6.087099993432339e-06,8.650089464351219e-06,6.4074736772971995e-06,5.446352625702619e-06,3.8444842063783195e-06,4.8056052579729e-06,8.009342096621499e-06,9.931584199810659e-06,6.4074736772971995e-06,6.4074736772971995e-06,5.76672630956748e-06
HIDALGO,2022,13,24.0,15.0,26.0,24.0,35.0,30.0,25.0,16.0,17.0,24.0,24.0,14.0,3155581.0,7.605572476193766e-06,4.7534827976211035e-06,8.239370182543246e-06,7.605572476193766e-06,1.1091459861115908e-05,9.506965595242207e-06,7.922471329368506e-06,5.070381650795844e-06,5.387280503970584e-06,7.605572476193766e-06,7.605572476193766e-06,4.436583944446364e-06
HIDALGO,2023,13,20.0,22.0,14.0,23.0,12.0,0.0,0.0,0.0,0.0,0.0,0.0,0.0,3189102.0,6.2713578932251145e-06,6.898493682547626e-06,4.3899505252575805e-06,7.212061577208882e-06,3.762814735935069e-06,0.0,0.0,0.0,0.0,0.0,0.0,0.0
JALISCO,2015,14,79.0,68.0,52.0,78.0,73.0,75.0,88.0,80.0,82.0,88.0,96.0,98.0,7963314.0,9.92049290031763e-06,8.539158445843025e-06,6.52994469387996e-06,9.79491704081994e-06,9.167037743331483e-06,9.418189462326865e-06,1.1050675635796856e-05,1.0046068759815323e-05,1.0297220478810706e-05,1.1050675635796856e-05,1.2055282511778388e-05,1.230643423077377e-05
JALISCO,2016,14,81.0,81.0,91.0,76.0,118.0,76.0,90.0,98.0,112.0,88.0,96.0,98.0,8055955.0,1.0054673840655763e-05,1.0054673840655763e-05,1.1295991598761412e-05,9.434014961602939e-06,1.4647549545646667e-05,9.434014961602939e-06,1.1171859822950849e-05,1.2164914029435368e-05,1.3902758890783278e-05,1.0923596271329719e-05,1.1916650477814239e-05,1.2164914029435368e-05
JALISCO,2017,14,102.0,93.0,97.0,105.0,113.0,111.0,101.0,130.0,103.0,129.0,124.0,134.0,8149170.0,1.2516612121234432e-05,1.1412205169360807e-05,1.1903052703526862e-05,1.2884747771858974e-05,1.3866442840191088e-05,1.3621019073108058e-05,1.2393900237692919e-05,1.5952544860396827e-05,1.2639324004775946e-05,1.582983297685531e-05,1.5216273559147741e-05,1.6443392394562882e-05
JALISCO,2018,14,115.0,134.0,167.0,153.0,166.0,146.0,156.0,179.0,184.0,192.0,189.0,179.0,8238991.0,1.3958019859470657e-05,1.6264127488426678e-05,2.0269472317666083e-05,1.85702351173827e-05,2.0148098231931555e-05,1.7720616517241006e-05,1.8934357374586282e-05,2.172596134648041e-05,2.233283177515305e-05,2.330382446102927e-05,2.2939702203825687e-05,2.172596134648041e-05
JALISCO,2019,14,202.0,204.0,166.0,170.0,155.0,177.0,169.0,155.0,166.0,161.0,157.0,135.0,8325800.0,2.4261932787239665e-05,2.4502149943548968e-05,1.99380239736722e-05,2.0418458286290807e-05,1.861682961397103e-05,2.1259218333373368e-05,2.0298349708136155e-05,1.861682961397103e-05,1.99380239736722e-05,1.9337481082898942e-05,1.8857046770280332e-05,1.6214658050877994e-05
JALISCO,2020,14,149.0,128.0,169.0,155.0,144.0,147.0,152.0,131.0,144.0,143.0,132.0,159.0,8409693.0,1.7717650335154923e-05,1.5220531831542482e-05,2.0095858433833433e-05,1.8431112764758475e-05,1.7123098310485294e-05,1.747982952528707e-05,1.80743815499567e-05,1.557726304634426e-05,1.7123098310485294e-05,1.7004187905551367e-05,1.5696173451278185e-05,1.8906754384494178e-05
JALISCO,2021,14,156.0,178.0,159.0,163.0,180.0,144.0,144.0,126.0,153.0,144.0,116.0,156.0,8490806.0,1.8372814076779047e-05,2.0963851959401734e-05,1.8726137424409414e-05,1.9197235221249904e-05,2.1199400857821978e-05,1.6959520686257583e-05,1.6959520686257583e-05,1.4839580600475385e-05,1.801949072914868e-05,1.6959520686257583e-05,1.3661836108374164e-05,1.8372814076779047e-05
JALISCO,2022,14,123.0,119.0,121.0,115.0,148.0,151.0,142.0,126.0,141.0,167.0,132.0,119.0,8569204.0,1.4353725270165117e-05,1.3886937456501211e-05,1.4120331363333164e-05,1.3420149642837305e-05,1.7271149105564532e-05,1.7621239965812462e-05,1.657096738506867e-05,1.4703816130413047e-05,1.6454270431652693e-05,1.9488391220468087e-05,1.5403997850908904e-05,1.3886937456501211e-05
JALISCO,2023,14,130.0,101.0,115.0,120.0,158.0,0.0,0.0,0.0,0.0,0.0,0.0,0.0,8644920.0,1.5037733142701147e-05,1.1683161903175506e-05,1.3302610087774092e-05,1.3880984439416443e-05,1.8276629511898317e-05,0.0,0.0,0.0,0.0,0.0,0.0,0.0
MEXICO,2015,15,167.0,146.0,167.0,179.0,185.0,182.0,146.0,154.0,188.0,161.0,167.0,179.0,16453628.0,1.014973718866137e-05,8.873422931404551e-06,1.014973718866137e-05,1.0879059621379552e-05,1.1243720837738643e-05,1.1061390229559098e-05,8.873422931404551e-06,9.359637886550006e-06,1.142605144591819e-05,9.785075972302278e-06,1.014973718866137e-05,1.0879059621379552e-05
MEXICO,2016,15,182.0,149.0,174.0,172.0,203.0,155.0,174.0,171.0,168.0,180.0,154.0,172.0,16658503.0,1.0925351455650007e-05,8.944381136768413e-06,1.0445116226830226e-05,1.0325057419625282e-05,1.218596893130193e-05,9.304557558383248e-06,1.0445116226830226e-05,1.0265028016022808e-05,1.008493980521539e-05,1.0805292648445061e-05,9.244528154780774e-06,1.0325057419625282e-05
MEXICO,2017,15,164.0,140.0,167.0,181.0,194.0,170.0,149.0,148.0,172.0,194.0,171.0,181.0,16861082.0,9.726540681078475e-06,8.303144483847478e-06,9.904465205732349e-06,1.0734779654117096e-05,1.1505785927617219e-05,1.0082389730386222e-05,8.836918057809102e-06,8.777609882924476e-06,1.0201006080155472e-05,1.1505785927617219e-05,1.0141697905270848e-05,1.0734779654117096e-05
MEXICO,2018,15,192.0,161.0,174.0,175.0,184.0,184.0,213.0,188.0,209.0,225.0,213.0,231.0,17056666.0,1.1256596101489002e-05,9.43912485593609e-06,1.0201290216974407e-05,1.0259918321669663e-05,1.078757126392696e-05,1.078757126392696e-05,1.2487786300089361e-05,1.102208368270798e-05,1.225327388130834e-05,1.3191323556432423e-05,1.2487786300089361e-05,1.3543092184603955e-05
MEXICO,2019,15,236.0,207.0,243.0,220.0,208.0,201.0,216.0,206.0,191.0,176.0,210.0,225.0,17245551.0,1.368468888004796e-05,1.2003095754957322e-05,1.4090590668862943e-05,1.2756913362756575e-05,1.2061081724788034e-05,1.1655179935973052e-05,1.2524969483433727e-05,1.194510978512661e-05,1.1075320237665934e-05,1.0205530690205259e-05,1.2177053664449456e-05,1.3046843211910133e-05
MEXICO,2020,15,182.0,203.0,260.0,213.0,203.0,185.0,202.0,203.0,203.0,215.0,190.0,182.0,17427790.0,1.044309117794052e-05,1.1648063236933655e-05,1.491870168277217e-05,1.2221859455501817e-05,1.1648063236933655e-05,1.0615230043510968e-05,1.159068361507684e-05,1.1648063236933655e-05,1.1648063236933655e-05,1.2336618699215448e-05,1.0902128152795047e-05,1.044309117794052e-05
MEXICO,2021,15,158.0,205.0,207.0,180.0,211.0,174.0,186.0,196.0,202.0,220.0,199.0,208.0,17603429.0,8.975524030005745e-06,1.1645458393361885e-05,1.1759072621589805e-05,1.0225280540512875e-05,1.1986301078045646e-05,9.884437855829111e-06,1.0566123225196636e-05,1.113419436633624e-05,1.1475037051020004e-05,1.2497565105071291e-05,1.1304615708678121e-05,1.1815879735703765e-05
MEXICO,2022,15,190.0,148.0,216.0,178.0,206.0,168.0,185.0,180.0,234.0,202.0,163.0,187.0,17772460.0,1.0690697854995876e-05,8.32749096073363e-06,1.2153635456205837e-05,1.0015495885206663e-05,1.159096714804816e-05,9.452827577048986e-06,1.0409363700917038e-05,1.0128029546838197e-05,1.3166438410889657e-05,1.136589982478509e-05,9.171493422970145e-06,1.0521897362548572e-05
MEXICO,2023,15,216.0,186.0,181.0,205.0,179.0,0.0,0.0,0.0,0.0,0.0,0.0,0.0,17934893.0,1.2043562233686033e-05,1.0370845256785196e-05,1.0092059093968389e-05,1.1430232675489059e-05,9.980544628841667e-06,0.0,0.0,0.0,0.0,0.0,0.0,0.0
MICHOACAN DE OCAMPO,2015,16,57.0,46.0,44.0,53.0,60.0,66.0,74.0,79.0,55.0,73.0,73.0,86.0,4644732.0,1.2271967467660136e-05,9.903693044076602e-06,9.47309769433414e-06,1.1410776768175215e-05,1.2917860492273827e-05,1.420964654150121e-05,1.5932027940471056e-05,1.7008516314827207e-05,1.1841372117917676e-05,1.5716730265599822e-05,1.5716730265599822e-05,1.851560003892582e-05
MICHOACAN DE OCAMPO,2016,16,75.0,83.0,77.0,92.0,96.0,97.0,147.0,128.0,137.0,108.0,106.0,116.0,4684829.0,1.6009122211290955e-05,1.7716761913828657e-05,1.643603213692538e-05,1.9637856579183572e-05,2.0491676430452423e-05,2.0705131393269636e-05,3.1377879534130275e-05,2.7322235240603232e-05,2.9243329905958147e-05,2.3053135984258977e-05,2.262622605862455e-05,2.476077568679668e-05
MICHOACAN DE OCAMPO,2017,16,114.0,108.0,105.0,100.0,85.0,84.0,86.0,95.0,96.0,121.0,118.0,137.0,4721848.0,2.4143089739441e-05,2.287240080578621e-05,2.2237056338958815e-05,2.117814889424649e-05,1.8001426560109516e-05,1.778964507116705e-05,1.8213208049051982e-05,2.0119241449534166e-05,2.033102293847663e-05,2.562556016203825e-05,2.4990215695210858e-05,2.901406398511769e-05
MICHOACAN DE OCAMPO,2018,16,103.0,109.0,95.0,99.0,105.0,86.0,121.0,127.0,135.0,145.0,103.0,110.0,4757482.0,2.165010818748237e-05,2.29112795382095e-05,1.9968546386512866e-05,2.0809327286997617e-05,2.2070498637724746e-05,1.8076789360422175e-05,2.5433622239663754e-05,2.6694793590390883e-05,2.8376355391360388e-05,3.0478307642572267e-05,2.165010818748237e-05,2.3121474763330687e-05
MICHOACAN DE OCAMPO,2019,16,117.0,121.0,106.0,99.0,111.0,148.0,129.0,163.0,177.0,165.0,156.0,188.0,4791977.0,2.4415810009104803e-05,2.5250538556424622e-05,2.2120306503975292e-05,2.06595315461656e-05,2.316371718812507e-05,3.0884956250833425e-05,2.6919995651064268e-05,3.4015188303282755e-05,3.693673821890214e-05,3.443255257694267e-05,3.255441334547307e-05,3.9232241724031646e-05
MICHOACAN DE OCAMPO,2020,16,169.0,177.0,182.0,175.0,153.0,132.0,143.0,160.0,151.0,183.0,177.0,174.0,4825401.0,3.502299601628963e-05,3.6680889318835886e-05,3.771707263292729e-05,3.626641599319932e-05,3.170720941119712e-05,2.73552394920132e-05,2.9634842783014303e-05,3.3157866050925095e-05,3.129273608556056e-05,3.7924309295745575e-05,3.6680889318835886e-05,3.605917933038104e-05
MICHOACAN DE OCAMPO,2021,16,160.0,166.0,188.0,193.0,186.0,167.0,188.0,196.0,183.0,205.0,184.0,217.0,4857777.0,3.293687627077159e-05,3.4172009130925526e-05,3.8700829618156615e-05,3.973010700161823e-05,3.828911866477197e-05,3.437786460761785e-05,3.8700829618156615e-05,4.03476734316952e-05,3.7671552234695004e-05,4.22003727219261e-05,3.7877407711387326e-05,4.4670638442233967e-05
MICHOACAN DE OCAMPO,2022,16,203.0,208.0,200.0,193.0,167.0,159.0,134.0,141.0,136.0,154.0,134.0,140.0,4889123.0,4.152073899552128e-05,4.254341729590358e-05,4.090713201529191e-05,3.9475382394756685e-05,3.415745523276874e-05,3.2521169952157066e-05,2.7407778450245576e-05,2.883952807078079e-05,2.7816849770398494e-05,3.149849165177477e-05,2.7407778450245576e-05,2.8634992410704332e-05
MICHOACAN DE OCAMPO,2023,16,124.0,119.0,114.0,125.0,121.0,0.0,0.0,0.0,0.0,0.0,0.0,0.0,4919448.0,2.5206080031743398e-05,2.4189705836915037e-05,2.3173331642086673e-05,2.5409354870709072e-05,2.4596255514846382e-05,0.0,0.0,0.0,0.0,0.0,0.0,0.0
MORELOS,2015,17,29.0,37.0,59.0,33.0,32.0,43.0,38.0,42.0,48.0,31.0,40.0,48.0,1930505.0,1.5021976115057976e-05,1.9165969526108455e-05,3.056195140649727e-05,1.7093972820583215e-05,1.6575973644201907e-05,2.227396458439631e-05,1.9683968702489762e-05,2.1755965408015002e-05,2.4863960466302857e-05,1.6057974467820596e-05,2.071996705525238e-05,2.4863960466302857e-05
MORELOS,2016,17,42.0,39.0,43.0,36.0,51.0,55.0,47.0,55.0,52.0,53.0,51.0,62.0,1954717.0,2.148648627908797e-05,1.9951737259153117e-05,2.199806928573292e-05,1.841698823921826e-05,2.6090733338892537e-05,2.813706536547234e-05,2.404440131231273e-05,2.813706536547234e-05,2.6602316345537487e-05,2.7113899352182437e-05,2.6090733338892537e-05,3.1718146411987e-05
MORELOS,2017,17,56.0,50.0,59.0,58.0,45.0,42.0,44.0,47.0,54.0,34.0,42.0,44.0,1977946.0,2.8312198614117878e-05,2.5278748762605247e-05,2.9828923539874194e-05,2.932334856462209e-05,2.2750873886344724e-05,2.123414896058841e-05,2.224529891109262e-05,2.3762023836848935e-05,2.7301048663613668e-05,1.718954915857157e-05,2.123414896058841e-05,2.224529891109262e-05
MORELOS,2018,17,59.0,63.0,55.0,46.0,53.0,41.0,76.0,43.0,70.0,65.0,55.0,67.0,2000527.0,2.9492228797711803e-05,3.149170193653972e-05,2.7492755658883883e-05,2.2993941096521067e-05,2.6493019089469926e-05,2.0494599672986168e-05,3.798998963773046e-05,2.149433624240013e-05,3.499077992948858e-05,3.249143850595368e-05,2.7492755658883883e-05,3.3491175075367644e-05
MORELOS,2019,17,73.0,81.0,85.0,77.0,68.0,77.0,68.0,80.0,74.0,77.0,86.0,65.0,2022568.0,3.6092729638756274e-05,4.00480972704008e-05,4.2025781086223056e-05,3.807041345457854e-05,3.3620624868978446e-05,3.807041345457854e-05,3.3620624868978446e-05,3.955367631644523e-05,3.658715059271184e-05,3.807041345457854e-05,4.252020204017863e-05,3.2137362007111754e-05
MORELOS,2020,17,57.0,70.0,77.0,78.0,64.0,66.0,63.0,63.0,58.0,80.0,60.0,66.0,2044058.0,2.7885705787213475e-05,3.4245603598332335e-05,3.767016395816557e-05,3.8159386866713176e-05,3.1310266147046706e-05,3.228871196414192e-05,3.08210432384991e-05,3.08210432384991e-05,2.837492869576108e-05,3.913783268380839e-05,2.935337451285629e-05,3.228871196414192e-05
MORELOS,2021,17,71.0,56.0,84.0,99.0,98.0,90.0,90.0,75.0,83.0,101.0,92.0,96.0,2065014.0,3.4382333485390416e-05,2.7118460213829058e-05,4.0677690320743585e-05,4.7941563592304947e-05,4.745730537420085e-05,4.358323962936813e-05,4.358323962936813e-05,3.631936635780678e-05,4.0193432102639497e-05,4.8910080028513124e-05,4.455175606557631e-05,4.648878893799267e-05
MORELOS,2022,17,77.0,67.0,91.0,105.0,99.0,66.0,93.0,76.0,84.0,108.0,89.0,86.0,2085423.0,3.692296478939764e-05,3.212777455700834e-05,4.3636231114742667e-05,5.034949744008769e-05,4.747238330065411e-05,3.164825553376941e-05,4.459526916122053e-05,3.644344576615871e-05,4.0279597952070154e-05,5.1788054509804486e-05,4.267719306826481e-05,4.1238635998548016e-05
MORELOS,2023,17,99.0,82.0,116.0,98.0,91.0,0.0,0.0,0.0,0.0,0.0,0.0,0.0,2105291.0,4.702437810259959e-05,3.894948489306229e-05,5.5099271312136896e-05,4.6549384384391515e-05,4.322442835693498e-05,0.0,0.0,0.0,0.0,0.0,0.0,0.0
NAYARIT,2015,18,5.0,5.0,7.0,7.0,4.0,11.0,9.0,12.0,6.0,5.0,8.0,4.0,1195482.0,4.18241345331841e-06,4.18241345331841e-06,5.8553788346457745e-06,5.8553788346457745e-06,3.3459307626547285e-06,9.201309597300503e-06,7.528344215973139e-06,1.0037792287964186e-05,5.018896143982093e-06,4.18241345331841e-06,6.691861525309457e-06,3.3459307626547285e-06
NAYARIT,2016,18,4.0,4.0,3.0,2.0,2.0,2.0,1.0,7.0,3.0,6.0,5.0,1.0,1214627.0,3.2931920663709927e-06,3.2931920663709927e-06,2.4698940497782447e-06,1.6465960331854963e-06,1.6465960331854963e-06,1.6465960331854963e-06,8.232980165927482e-07,5.763086116149238e-06,2.4698940497782447e-06,4.9397880995564895e-06,4.116490082963741e-06,8.232980165927482e-07
NAYARIT,2017,18,4.0,10.0,8.0,5.0,10.0,13.0,13.0,23.0,36.0,39.0,45.0,44.0,1233716.0,3.2422372734081425e-06,8.105593183520357e-06,6.484474546816285e-06,4.052796591760179e-06,8.105593183520357e-06,1.0537271138576463e-05,1.0537271138576463e-05,1.864286432209682e-05,2.9180135460673283e-05,3.161181341572939e-05,3.64751693258416e-05,3.5664610007489565e-05
NAYARIT,2018,18,41.0,24.0,42.0,31.0,34.0,33.0,26.0,24.0,25.0,23.0,14.0,12.0,1252363.0,3.2738111873314686e-05,1.9163772803891524e-05,3.3536602406810164e-05,2.4753206538359886e-05,2.7148678138846325e-05,2.6350187605350844e-05,2.0760753870882482e-05,1.9163772803891524e-05,1.9962263337387005e-05,1.8365282270396043e-05,1.1178867468936722e-05,9.581886401945762e-06
NAYARIT,2019,18,13.0,11.0,11.0,12.0,18.0,19.0,14.0,13.0,15.0,15.0,13.0,14.0,1270646.0,1.0231016349164126e-05,8.657013833908107e-06,8.657013833908107e-06,9.444015091536115e-06,1.4166022637304174e-05,1.4953023894932185e-05,1.1018017606792135e-05,1.0231016349164126e-05,1.1805018864420146e-05,1.1805018864420146e-05,1.0231016349164126e-05,1.1018017606792135e-05
NAYARIT,2020,18,18.0,14.0,10.0,10.0,17.0,11.0,10.0,12.0,14.0,20.0,12.0,11.0,1288571.0,1.3968962517393298e-05,1.0864748624639232e-05,7.760534731885165e-06,7.760534731885165e-06,1.3192909044204783e-05,8.536588205073683e-06,7.760534731885165e-06,9.312641678262198e-06,1.0864748624639232e-05,1.552106946377033e-05,9.312641678262198e-06,8.536588205073683e-06
NAYARIT,2021,18,22.0,18.0,17.0,20.0,14.0,19.0,12.0,18.0,17.0,14.0,20.0,10.0,1306145.0,1.684345918714997e-05,1.3781012062213613e-05,1.3015400280979523e-05,1.5312235624681792e-05,1.0718564937277255e-05,1.4546623843447703e-05,9.187341374809075e-06,1.3781012062213613e-05,1.3015400280979523e-05,1.0718564937277255e-05,1.5312235624681792e-05,7.656117812340896e-06
NAYARIT,2022,18,9.0,17.0,14.0,11.0,22.0,11.0,10.0,9.0,10.0,11.0,7.0,19.0,1323404.0,6.800644398838148e-06,1.2845661642249835e-05,1.0578780175970452e-05,8.31189870969107e-06,1.662379741938214e-05,8.31189870969107e-06,7.556271554264609e-06,6.800644398838148e-06,7.556271554264609e-06,8.31189870969107e-06,5.289390087985226e-06,1.4356915953102756e-05
NAYARIT,2023,18,13.0,8.0,9.0,5.0,12.0,0.0,0.0,0.0,0.0,0.0,0.0,0.0,1340345.0,9.698995407898712e-06,5.9686125587069e-06,6.714689128545263e-06,3.7303828491918126e-06,8.95291883806035e-06,0.0,0.0,0.0,0.0,0.0,0.0,0.0
NUEVO LEON,2015,19,34.0,31.0,33.0,32.0,41.0,55.0,33.0,36.0,49.0,50.0,25.0,31.0,5205425.0,6.531647271836594e-06,5.955325453733365e-06,6.339539999135518e-06,6.147432726434441e-06,7.876398180744128e-06,1.0565899998559195e-05,6.339539999135518e-06,6.915861817238746e-06,9.413256362352738e-06,9.605363635053814e-06,4.802681817526907e-06,5.955325453733365e-06
NUEVO LEON,2016,19,48.0,89.0,39.0,46.0,61.0,45.0,65.0,51.0,65.0,57.0,39.0,36.0,5294203.0,9.066520494208476e-06,1.681084008301155e-05,7.366547901544387e-06,8.68874880694979e-06,1.1522036461389938e-05,8.499862963320446e-06,1.2277579835907312e-05,9.633178025096506e-06,1.2277579835907312e-05,1.0766493086872567e-05,7.366547901544387e-06,6.799890370656358e-06
NUEVO LEON,2017,19,44.0,46.0,60.0,54.0,73.0,63.0,42.0,37.0,48.0,61.0,49.0,36.0,5375246.0,8.185671874366308e-06,8.557747868655685e-06,1.1162279828681329e-05,1.0046051845813196e-05,1.3580773791562284e-05,1.1720393820115395e-05,7.813595880076931e-06,6.883405894353486e-06,8.929823862945063e-06,1.1348317825826018e-05,9.115861860089752e-06,6.697367897208797e-06
NUEVO LEON,2018,19,45.0,44.0,40.0,61.0,58.0,34.0,70.0,60.0,74.0,83.0,83.0,94.0,5454848.0,8.249542425380139e-06,8.066219260371692e-06,7.332926600337901e-06,1.11827130655153e-05,1.0632743570489956e-05,6.232987610287216e-06,1.2832621550591327e-05,1.0999389900506852e-05,1.3565914210625117e-05,1.5215822695701146e-05,1.5215822695701146e-05,1.723237751079407e-05
NUEVO LEON,2019,19,92.0,105.0,65.0,61.0,78.0,85.0,74.0,74.0,69.0,64.0,54.0,68.0,5533147.0,1.6627065935533612e-05,1.8976542643815535e-05,1.1747383541409617e-05,1.1024467631169025e-05,1.4096860249691541e-05,1.5361963092612575e-05,1.3373944339450948e-05,1.3373944339450948e-05,1.247029945165021e-05,1.156665456384947e-05,9.75936478824799e-06,1.2289570474090061e-05
NUEVO LEON,2020,19,67.0,73.0,80.0,76.0,78.0,87.0,60.0,74.0,70.0,59.0,72.0,51.0,5610153.0,1.1942633293601796e-05,1.3012122842282555e-05,1.4259860649076773e-05,1.3546867616622934e-05,1.3903364132849853e-05,1.550759845587099e-05,1.069489548680758e-05,1.3190371100396014e-05,1.2477378067942176e-05,1.0516647228694119e-05,1.2833874584169094e-05,9.090661163786442e-06
NUEVO LEON,2021,19,79.0,69.0,81.0,81.0,87.0,98.0,108.0,100.0,89.0,70.0,44.0,97.0,5685888.0,1.389404786024628e-05,1.2135307624772067e-05,1.4245795907341122e-05,1.4245795907341122e-05,1.5301040048625652e-05,1.7235654307647285e-05,1.8994394543121496e-05,1.7587402354742127e-05,1.5652788095720494e-05,1.2311181648319488e-05,7.738457036086536e-06,1.7059780284099862e-05
NUEVO LEON,2022,19,90.0,103.0,81.0,92.0,129.0,127.0,120.0,153.0,119.0,127.0,87.0,100.0,5760358.0,1.5624028923202342e-05,1.7880833100998237e-05,1.4061626030882109e-05,1.597122956594017e-05,2.2394441456590026e-05,2.2047240813852194e-05,2.083203856426979e-05,2.6560849169443983e-05,2.0658438242900876e-05,2.2047240813852194e-05,1.5103227959095598e-05,1.7360032136891492e-05
NUEVO LEON,2023,19,108.0,85.0,97.0,121.0,106.0,0.0,0.0,0.0,0.0,0.0,0.0,0.0,5833569.0,1.8513537767359913e-05,1.4570839909496228e-05,1.6627899661425106e-05,2.0742019165282865e-05,1.8170694475371765e-05,0.0,0.0,0.0,0.0,0.0,0.0,0.0
OAXACA,2015,20,0.0,47.0,0.0,0.0,56.0,0.0,0.0,41.0,0.0,0.0,57.0,0.0,4019224.0,0.0,1.1693799599126597e-05,0.0,0.0,1.3933037820235947e-05,0.0,0.0,1.0200974118387032e-05,0.0,0.0,1.4181842067025873e-05,0.0
OAXACA,2016,20,48.0,47.0,65.0,53.0,55.0,63.0,74.0,81.0,79.0,0.0,91.0,82.0,4046494.0,1.1862120640732446e-05,1.1614993127383854e-05,1.606328836765852e-05,1.309775820747541e-05,1.3592013234172596e-05,1.5569033340961336e-05,1.8287435987795853e-05,2.0017328581236003e-05,1.952307355453882e-05,0.0,2.248860371472193e-05,2.0264456094584597e-05
OAXACA,2017,20,69.0,62.0,68.0,101.0,63.0,70.0,74.0,75.0,64.0,67.0,74.0,68.0,4072328.0,1.6943625366129642e-05,1.5224706850725187e-05,1.6698065578214722e-05,2.480153857940716e-05,1.5470266638640108e-05,1.7189185154044566e-05,1.8171424305704256e-05,1.8416984093619177e-05,1.5715826426555032e-05,1.6452505790299798e-05,1.8171424305704256e-05,1.6698065578214722e-05
OAXACA,2018,20,65.0,83.0,92.0,103.0,91.0,80.0,68.0,82.0,80.0,78.0,87.0,74.0,4096998.0,1.5865275013558707e-05,2.0258735786544195e-05,2.245546617303694e-05,2.5140358867639184e-05,2.2211385018982192e-05,1.952649232437995e-05,1.6597518475722957e-05,2.0014654632489447e-05,1.952649232437995e-05,1.9038330016270448e-05,2.1235060402763194e-05,1.8062005400051453e-05
OAXACA,2019,20,77.0,63.0,73.0,82.0,85.0,98.0,91.0,94.0,74.0,99.0,79.0,96.0,4120741.0,1.8685959636871135e-05,1.5288512430167292e-05,1.7715260434955752e-05,1.9899333639265365e-05,2.0627358040701902e-05,2.3782130446926898e-05,2.208340684357498e-05,2.2811431245011515e-05,1.79579352354346e-05,2.4024805247405745e-05,1.917130923782883e-05,2.3296780845969208e-05
OAXACA,2020,20,91.0,56.0,83.0,75.0,77.0,57.0,63.0,71.0,50.0,66.0,52.0,68.0,4143593.0,2.1961616403927702e-05,1.351484086395551e-05,2.0030924851934057e-05,1.8100233299940415e-05,1.8582906187938824e-05,1.3756177307954714e-05,1.5204195971949948e-05,1.7134887523943592e-05,1.2066822199960275e-05,1.5928205303947563e-05,1.2549495087958687e-05,1.6410878191945976e-05
OAXACA,2021,20,67.0,58.0,71.0,59.0,52.0,54.0,56.0,65.0,60.0,75.0,52.0,64.0,4165619.0,1.6084044172066623e-05,1.39235009250726e-05,1.704428561517508e-05,1.4163561285849714e-05,1.2483138760409918e-05,1.2963259481964145e-05,1.3443380203518372e-05,1.5603923450512397e-05,1.4403621646626829e-05,1.8004527058283535e-05,1.2483138760409918e-05,1.5363863089735283e-05
OAXACA,2022,20,54.0,52.0,60.0,59.0,86.0,57.0,66.0,97.0,65.0,92.0,60.0,77.0,4186832.0,1.2897579840796095e-05,1.2419891698544389e-05,1.4330644267551218e-05,1.4091800196425364e-05,2.054059011682341e-05,1.3614112054173658e-05,1.576370869430634e-05,2.3167874899207803e-05,1.5524864623180485e-05,2.1973654543578536e-05,1.4330644267551218e-05,1.839099347669073e-05
OAXACA,2023,20,77.0,63.0,59.0,66.0,76.0,0.0,0.0,0.0,0.0,0.0,0.0,0.0,4207237.0,1.830179759305216e-05,1.4974198030679041e-05,1.4023455298572437e-05,1.5687255079758996e-05,1.8064111910025512e-05,0.0,0.0,0.0,0.0,0.0,0.0,0.0
PUEBLA,2015,21,39.0,35.0,37.0,38.0,40.0,39.0,41.0,47.0,43.0,48.0,54.0,32.0,6274482.0,6.215652543110332e-06,5.578149718175939e-06,5.896901130643135e-06,6.0562768368767335e-06,6.3750282493439295e-06,6.215652543110332e-06,6.534403955577528e-06,7.490658192979118e-06,6.853155368044725e-06,7.650033899212716e-06,8.606288136614305e-06,5.100022599475144e-06
PUEBLA,2016,21,42.0,47.0,52.0,69.0,57.0,52.0,52.0,49.0,60.0,45.0,35.0,21.0,6345952.0,6.618392323169164e-06,7.406296171165493e-06,8.194200019161822e-06,1.087307310234934e-05,8.98210386715815e-06,8.194200019161822e-06,8.194200019161822e-06,7.721457710364025e-06,9.454846175955949e-06,7.091134631966961e-06,5.515326935974303e-06,3.309196161584582e-06
PUEBLA,2017,21,51.0,55.0,72.0,68.0,81.0,65.0,94.0,72.0,86.0,84.0,98.0,68.0,6413391.0,7.952111449309733e-06,8.57580646494187e-06,1.1226510281378447e-05,1.0602815265746312e-05,1.2629824066550753e-05,1.013504400402221e-05,1.4656832867355195e-05,1.1226510281378447e-05,1.3409442836090922e-05,1.3097595328274855e-05,1.5280527882987332e-05,1.0602815265746312e-05
PUEBLA,2018,21,82.0,86.0,94.0,104.0,98.0,86.0,95.0,98.0,93.0,88.0,95.0,86.0,6478819.0,1.2656627697115785e-05,1.3274024170145825e-05,1.45088171162059e-05,1.6052308298780996e-05,1.5126213589235939e-05,1.3274024170145825e-05,1.4663166234463411e-05,1.5126213589235939e-05,1.4354467997948392e-05,1.3582722406660843e-05,1.4663166234463411e-05,1.3274024170145825e-05
PUEBLA,2019,21,78.0,119.0,100.0,82.0,113.0,87.0,100.0,86.0,87.0,87.0,78.0,92.0,6542484.0,1.1922077302749231e-05,1.8188810243937928e-05,1.528471449070414e-05,1.2533465882377396e-05,1.7271727374495682e-05,1.3297701606912604e-05,1.528471449070414e-05,1.3144854462005562e-05,1.3297701606912604e-05,1.3297701606912604e-05,1.1922077302749231e-05,1.406193733144781e-05
PUEBLA,2020,21,74.0,71.0,82.0,92.0,76.0,65.0,76.0,82.0,64.0,62.0,62.0,66.0,6604451.0,1.1204564921444644e-05,1.07503258030077e-05,1.2415869237276498e-05,1.3929999632066313e-05,1.1507391000402608e-05,9.84184756613381e-06,1.1507391000402608e-05,1.2415869237276498e-05,9.690434526654826e-06,9.387608447696864e-06,9.387608447696864e-06,9.993260605612791e-06
PUEBLA,2021,21,61.0,47.0,76.0,71.0,62.0,57.0,77.0,69.0,69.0,64.0,78.0,66.0,6664764.0,9.152612155509182e-06,7.052012644408714e-06,1.1403254488831112e-05,1.0653040377723803e-05,9.302654977730645e-06,8.552440866623334e-06,1.1553297311052574e-05,1.0352954733280878e-05,1.0352954733280878e-05,9.602740622173569e-06,1.1703340133274037e-05,9.902826266616492e-06
PUEBLA,2022,21,59.0,88.0,75.0,87.0,89.0,62.0,72.0,80.0,78.0,71.0,61.0,88.0,6723431.0,8.775281548959155e-06,1.3088555530650943e-05,1.1155018918168417e-05,1.2939821945075364e-05,1.3237289116226521e-05,9.221482305685892e-06,1.070881816144168e-05,1.1898686846046312e-05,1.1601219674895155e-05,1.0560084575866102e-05,9.072748720110313e-06,1.3088555530650943e-05
PUEBLA,2023,21,74.0,64.0,69.0,61.0,80.0,0.0,0.0,0.0,0.0,0.0,0.0,0.0,6780465.0,1.0913705770916892e-05,9.438880666738932e-06,1.0176293218827913e-05,8.996433135485545e-06,1.1798600833423666e-05,0.0,0.0,0.0,0.0,0.0,0.0,0.0
QUERETARO,2015,22,9.0,9.0,12.0,11.0,11.0,10.0,12.0,13.0,10.0,13.0,13.0,8.0,2069556.0,4.348758864220152e-06,4.348758864220152e-06,5.798345152293535e-06,5.315149722935741e-06,5.315149722935741e-06,4.8319542935779464e-06,5.798345152293535e-06,6.28154058165133e-06,4.8319542935779464e-06,6.28154058165133e-06,6.28154058165133e-06,3.865563434862357e-06
QUERETARO,2016,22,12.0,9.0,12.0,8.0,14.0,7.0,7.0,6.0,15.0,8.0,12.0,8.0,2113731.0,5.677165164346835e-06,4.257873873260126e-06,5.677165164346835e-06,3.7847767762312233e-06,6.6233593584046405e-06,3.3116796792023202e-06,3.3116796792023202e-06,2.8385825821734177e-06,7.0964564554335435e-06,3.7847767762312233e-06,5.677165164346835e-06,3.7847767762312233e-06
QUERETARO,2017,22,12.0,12.0,14.0,21.0,8.0,21.0,10.0,20.0,19.0,14.0,9.0,15.0,2156167.0,5.565431620092507e-06,5.565431620092507e-06,6.493003556774591e-06,9.739505335161887e-06,3.710287746728338e-06,9.739505335161887e-06,4.637859683410423e-06,9.275719366820845e-06,8.811933398479802e-06,6.493003556774591e-06,4.17407371506938e-06,6.956789525115634e-06
QUERETARO,2018,22,14.0,10.0,15.0,12.0,14.0,16.0,14.0,18.0,22.0,7.0,16.0,22.0,2197938.0,6.369606422019183e-06,4.549718872870845e-06,6.824578309306268e-06,5.459662647445014e-06,6.369606422019183e-06,7.279550196593352e-06,6.369606422019183e-06,8.189493971167522e-06,1.000938152031586e-05,3.1848032110095917e-06,7.279550196593352e-06,1.000938152031586e-05
QUERETARO,2019,22,13.0,16.0,18.0,13.0,15.0,11.0,17.0,17.0,20.0,9.0,12.0,15.0,2239112.0,5.805873042527574e-06,7.145689898495475e-06,8.03890113580741e-06,5.805873042527574e-06,6.699084279839508e-06,4.912661805215639e-06,7.592295517151443e-06,7.592295517151443e-06,8.932112373119343e-06,4.019450567903705e-06,5.359267423871606e-06,6.699084279839508e-06
QUERETARO,2020,22,12.0,11.0,26.0,11.0,18.0,8.0,15.0,23.0,11.0,22.0,13.0,12.0,2279637.0,5.263995978307073e-06,4.825329646781483e-06,1.1405324619665324e-05,4.825329646781483e-06,7.895993967460608e-06,3.509330652204715e-06,6.57999497288384e-06,1.0089325625088555e-05,4.825329646781483e-06,9.650659293562966e-06,5.702662309832662e-06,5.263995978307073e-06
QUERETARO,2021,22,15.0,14.0,16.0,21.0,22.0,9.0,14.0,11.0,16.0,14.0,19.0,14.0,2319537.0,6.466807815525253e-06,6.035687294490237e-06,6.897928336560271e-06,9.053530941735355e-06,9.484651462770373e-06,3.880084689315152e-06,6.035687294490237e-06,4.742325731385186e-06,6.897928336560271e-06,6.035687294490237e-06,8.19128989966532e-06,6.035687294490237e-06
QUERETARO,2022,22,17.0,12.0,3.0,15.0,15.0,11.0,13.0,9.0,20.0,16.0,17.0,18.0,2358758.0,7.207182763132123e-06,5.087423126916793e-06,1.2718557817291982e-06,6.359278908645991e-06,6.359278908645991e-06,4.663471199673726e-06,5.511375054159859e-06,3.815567345187595e-06,8.479038544861321e-06,6.783230835889057e-06,7.207182763132123e-06,7.63113469037519e-06
QUERETARO,2023,22,16.0,10.0,18.0,15.0,16.0,0.0,0.0,0.0,0.0,0.0,0.0,0.0,2397293.0,6.674194601994833e-06,4.171371626246771e-06,7.5084689272441876e-06,6.257057439370156e-06,6.674194601994833e-06,0.0,0.0,0.0,0.0,0.0,0.0,0.0
QUINTANA ROO,2015,23,15.0,12.0,11.0,20.0,11.0,23.0,21.0,29.0,24.0,23.0,27.0,12.0,1524873.0,9.836884776633857e-06,7.869507821307085e-06,7.213715502864829e-06,1.3115846368845144e-05,7.213715502864829e-06,1.5083223324171914e-05,1.37716386872874e-05,1.9017977234825458e-05,1.573901564261417e-05,1.5083223324171914e-05,1.7706392597940942e-05,7.869507821307085e-06
QUINTANA ROO,2016,23,8.0,12.0,8.0,14.0,11.0,12.0,13.0,23.0,18.0,18.0,18.0,10.0,1564920.0,5.1120824067683974e-06,7.668123610152596e-06,5.1120824067683974e-06,8.946144211844694e-06,7.029113309306546e-06,7.668123610152596e-06,8.307133910998645e-06,1.4697236919459142e-05,1.1502185415228894e-05,1.1502185415228894e-05,1.1502185415228894e-05,6.390103008460496e-06
QUINTANA ROO,2017,23,13.0,17.0,20.0,24.0,26.0,34.0,35.0,38.0,32.0,48.0,35.0,37.0,1605362.0,8.09786203983899e-06,1.0589511898250986e-05,1.2458249292059984e-05,1.494989915047198e-05,1.619572407967798e-05,2.117902379650197e-05,2.180193626110497e-05,2.367067365491397e-05,1.9933198867295973e-05,2.989979830094396e-05,2.180193626110497e-05,2.304776119031097e-05
QUINTANA ROO,2018,23,40.0,33.0,44.0,57.0,67.0,59.0,95.0,87.0,82.0,61.0,63.0,75.0,1645237.0,2.4312606633573158e-05,2.0057900472697856e-05,2.6743867296930472e-05,3.464546445284175e-05,4.072361611123504e-05,3.586109478452041e-05,5.774244075473625e-05,5.287991942802162e-05,4.9840843598824975e-05,3.707672511619906e-05,3.829235544787772e-05,4.5586137437949666e-05
QUINTANA ROO,2019,23,57.0,60.0,54.0,69.0,32.0,48.0,69.0,64.0,57.0,62.0,51.0,62.0,1684541.0,3.383711052446928e-05,3.561801107838871e-05,3.2056209970549844e-05,4.096071274014702e-05,1.8996272575140646e-05,2.849440886271097e-05,4.096071274014702e-05,3.799254515028129e-05,3.383711052446928e-05,3.6805278114335006e-05,3.0275309416630407e-05,3.6805278114335006e-05
QUINTANA ROO,2020,23,59.0,65.0,64.0,50.0,41.0,33.0,51.0,45.0,55.0,44.0,44.0,30.0,1723259.0,3.4237453569080444e-05,3.7719228508308964e-05,3.7138932685104214e-05,2.9014791160237665e-05,2.3792128751394886e-05,1.914976216575686e-05,2.959508698344242e-05,2.61133120442139e-05,3.191627027626143e-05,2.5533016221009146e-05,2.5533016221009146e-05,1.74088746961426e-05
QUINTANA ROO,2021,23,29.0,46.0,50.0,61.0,54.0,48.0,40.0,60.0,54.0,51.0,53.0,39.0,1761389.0,1.6464279043414033e-05,2.6115752965415363e-05,2.8386688005886263e-05,3.4631759367181245e-05,3.0657623046357163e-05,2.725122048565081e-05,2.270935040470901e-05,3.406402560706352e-05,3.0657623046357163e-05,2.895442176600399e-05,3.008988928623944e-05,2.2141616644591285e-05
QUINTANA ROO,2022,23,29.0,35.0,47.0,41.0,51.0,47.0,46.0,49.0,61.0,53.0,52.0,51.0,1798913.0,1.6120846311077857e-05,1.9456193823714655e-05,2.612688884898825e-05,2.2791541336351453e-05,2.835045385741278e-05,2.612688884898825e-05,2.5570997596882117e-05,2.7238671353200516e-05,3.390936637847411e-05,2.946223636162505e-05,2.8906345109518915e-05,2.835045385741278e-05
QUINTANA ROO,2023,23,47.0,50.0,51.0,58.0,63.0,0.0,0.0,0.0,0.0,0.0,0.0,0.0,1835796.0,2.5601973203994342e-05,2.723614170637696e-05,2.7780864540504502e-05,3.159392437939727e-05,3.431753855003497e-05,0.0,0.0,0.0,0.0,0.0,0.0,0.0
SAN LUIS POTOSI,2015,24,19.0,13.0,15.0,13.0,25.0,21.0,22.0,19.0,17.0,26.0,23.0,28.0,2758239.0,6.888453103592546e-06,4.713152123510689e-06,5.438252450204642e-06,4.713152123510689e-06,9.063754083674402e-06,7.613553430286498e-06,7.976103593633474e-06,6.888453103592546e-06,6.1633527768985935e-06,9.426304247021378e-06,8.33865375698045e-06,1.015140457371533e-05
SAN LUIS POTOSI,2016,24,20.0,15.0,13.0,18.0,35.0,34.0,21.0,27.0,23.0,43.0,29.0,28.0,2781457.0,7.190476070634923e-06,5.392857052976192e-06,4.6738094459126995e-06,6.4714284635714305e-06,1.2583333123611115e-05,1.222380932007937e-05,7.549999874166669e-06,9.707142695357145e-06,8.269047481230161e-06,1.5459523551865085e-05,1.0426190302420638e-05,1.0066666498888892e-05
SAN LUIS POTOSI,2017,24,37.0,32.0,26.0,23.0,43.0,43.0,46.0,48.0,44.0,36.0,28.0,45.0,2803692.0,1.3196884679201567e-05,1.1413521884714869e-05,9.27348653133083e-06,8.203468854638811e-06,1.5336920032585605e-05,1.5336920032585605e-05,1.6406937709277623e-05,1.7120282827072304e-05,1.5693592591482944e-05,1.2840212120304227e-05,9.98683164912551e-06,1.6050265150380283e-05
SAN LUIS POTOSI,2018,24,30.0,37.0,43.0,41.0,50.0,43.0,41.0,44.0,32.0,35.0,31.0,30.0,2825157.0,1.0618878880005606e-05,1.3096617285340249e-05,1.522039306134137e-05,1.451246780267433e-05,1.769813146667601e-05,1.522039306134137e-05,1.451246780267433e-05,1.557435569067489e-05,1.1326804138672647e-05,1.2388692026673208e-05,1.0972841509339127e-05,1.0618878880005606e-05
SAN LUIS POTOSI,2019,24,34.0,29.0,47.0,28.0,36.0,39.0,34.0,40.0,45.0,36.0,48.0,37.0,2845959.0,1.1946763814939007e-05,1.0189886783330329e-05,1.6514644097121567e-05,9.838511377008594e-06,1.2649514627582477e-05,1.3703640846547684e-05,1.1946763814939007e-05,1.405501625286942e-05,1.5811893284478097e-05,1.2649514627582477e-05,1.6866019503443305e-05,1.3000890033904214e-05
SAN LUIS POTOSI,2020,24,39.0,43.0,43.0,40.0,54.0,50.0,70.0,72.0,52.0,65.0,48.0,45.0,2866142.0,1.3607141586146116e-05,1.5002745851391871e-05,1.5002745851391871e-05,1.3956042652457555e-05,1.8840657580817698e-05,1.744505331557194e-05,2.442307464180072e-05,2.51208767744236e-05,1.814285544819482e-05,2.2678569310243525e-05,1.6747251182949065e-05,1.5700547984014748e-05
SAN LUIS POTOSI,2021,24,59.0,52.0,67.0,59.0,61.0,62.0,41.0,56.0,38.0,43.0,38.0,38.0,2885705.0,2.0445610344785764e-05,1.8019859964895926e-05,2.321789649323129e-05,2.0445610344785764e-05,2.1138681881897145e-05,2.1485217650452835e-05,1.4207966510783328e-05,1.940600303911869e-05,1.3168359205116254e-05,1.4901038047894708e-05,1.3168359205116254e-05,1.3168359205116254e-05
SAN LUIS POTOSI,2022,24,40.0,53.0,50.0,51.0,66.0,54.0,40.0,46.0,37.0,40.0,33.0,37.0,2904652.0,1.377101284422368e-05,1.8246592018596375e-05,1.72137660552796e-05,1.755804137638519e-05,2.2722171192969072e-05,1.859086733970197e-05,1.377101284422368e-05,1.5836664770857233e-05,1.2738186880906904e-05,1.377101284422368e-05,1.1361085596484536e-05,1.2738186880906904e-05
SAN LUIS POTOSI,2023,24,39.0,40.0,36.0,39.0,45.0,0.0,0.0,0.0,0.0,0.0,0.0,0.0,2922963.0,1.334262527442188e-05,1.3684743871201928e-05,1.2316269484081734e-05,1.334262527442188e-05,1.539533685510217e-05,0.0,0.0,0.0,0.0,0.0,0.0,0.0
SINALOA,2015,25,54.0,67.0,55.0,72.0,86.0,71.0,72.0,77.0,65.0,68.0,81.0,73.0,3015790.0,1.790575603738987e-05,2.22164010093541e-05,1.823734411215635e-05,2.3874341383186496e-05,2.8516574429917203e-05,2.3542753308420016e-05,2.3874341383186496e-05,2.553228175701889e-05,2.155322485982114e-05,2.2547989084120578e-05,2.6858634056084806e-05,2.4205929457952975e-05
SINALOA,2016,25,71.0,83.0,43.0,71.0,79.0,74.0,66.0,93.0,96.0,79.0,89.0,78.0,3049383.0,2.3283398641626847e-05,2.721862094725392e-05,1.4101213261830344e-05,2.3283398641626847e-05,2.590688017871156e-05,2.4267204218033614e-05,2.16437226809489e-05,3.0497972868609812e-05,3.148177844501658e-05,2.590688017871156e-05,2.9186232100067455e-05,2.5578944986575974e-05
SINALOA,2017,25,99.0,103.0,119.0,120.0,143.0,125.0,114.0,101.0,82.0,81.0,80.0,83.0,3077430.0,3.216970004191809e-05,3.3469485902197616e-05,3.866862934331569e-05,3.899357580838557e-05,4.6467344504992805e-05,4.061830813373497e-05,3.704389701796629e-05,3.2819592972057854e-05,2.6645610135730137e-05,2.632066367066026e-05,2.599571720559038e-05,2.6970556600800017e-05
SINALOA,2018,25,76.0,64.0,86.0,97.0,85.0,105.0,76.0,81.0,72.0,94.0,60.0,67.0,3104610.0,2.447972531171387e-05,2.0614505525653784e-05,2.7700741800097276e-05,3.124385993731902e-05,2.7378640151258934e-05,3.382067312802574e-05,2.447972531171387e-05,2.6090233555905572e-05,2.319131871636051e-05,3.0277554990803997e-05,1.9326098930300425e-05,2.158081047216881e-05
SINALOA,2019,25,70.0,63.0,52.0,73.0,71.0,65.0,70.0,75.0,79.0,66.0,72.0,66.0,3131012.0,2.235698873080014e-05,2.0121289857720124e-05,1.6608048771451532e-05,2.331514539069157e-05,2.267637428409728e-05,2.0760060964314412e-05,2.235698873080014e-05,2.3953916497285862e-05,2.523145871047444e-05,2.1079446517611557e-05,2.2995759837394426e-05,2.1079446517611557e-05
SINALOA,2020,25,54.0,53.0,69.0,51.0,56.0,70.0,69.0,65.0,69.0,64.0,50.0,30.0,3156674.0,1.7106612846305955e-05,1.678982371952251e-05,2.1858449748057606e-05,1.6156245465955622e-05,1.774019109987284e-05,2.217523887484105e-05,2.1858449748057606e-05,2.0591293240923832e-05,2.1858449748057606e-05,2.0274504114140388e-05,1.5839456339172178e-05,9.503673803503307e-06
SINALOA,2021,25,53.0,48.0,42.0,40.0,63.0,43.0,47.0,41.0,54.0,46.0,39.0,40.0,3181609.0,1.665823801730508e-05,1.5086706128880073e-05,1.3200867862770065e-05,1.2572255107400061e-05,1.9801301794155095e-05,1.3515174240455065e-05,1.477239975119507e-05,1.2886561485085062e-05,1.6972544394990082e-05,1.445809337351007e-05,1.2257948729715058e-05,1.2572255107400061e-05
SINALOA,2022,25,32.0,29.0,40.0,40.0,50.0,35.0,35.0,31.0,47.0,30.0,31.0,35.0,3205838.0,9.981789472830505e-06,9.045996709752646e-06,1.247723684103813e-05,1.247723684103813e-05,1.5596546051297665e-05,1.0917582235908365e-05,1.0917582235908365e-05,9.669858551804552e-06,1.4660753288219804e-05,9.357927630778598e-06,9.669858551804552e-06,1.0917582235908365e-05
SINALOA,2023,25,42.0,31.0,54.0,40.0,44.0,0.0,0.0,0.0,0.0,0.0,0.0,0.0,3229357.0,1.3005685032655108e-05,9.599434190769246e-06,1.672159504198514e-05,1.238636669776677e-05,1.3625003367543446e-05,0.0,0.0,0.0,0.0,0.0,0.0,0.0
SONORA,2015,26,36.0,43.0,52.0,32.0,57.0,62.0,67.0,69.0,48.0,56.0,41.0,26.0,2884754.0,1.2479400323216468e-05,1.4905950386064115e-05,1.8025800466868233e-05,1.1092800287303528e-05,1.975905051175941e-05,2.1492300556650586e-05,2.3225550601541762e-05,2.391885061949823e-05,1.663920043095529e-05,1.9412400502781174e-05,1.4212650368107644e-05,9.012900233434116e-06
SONORA,2016,26,54.0,80.0,56.0,35.0,46.0,49.0,58.0,57.0,51.0,47.0,46.0,51.0,2922666.0,1.8476281586743063e-05,2.737226901739713e-05,1.9160588312177992e-05,1.1975367695111244e-05,1.573905468500335e-05,1.6765514773155742e-05,1.9844895037612918e-05,1.9502741674895453e-05,1.7449821498590672e-05,1.6081208047720813e-05,1.573905468500335e-05,1.7449821498590672e-05
SONORA,2017,26,65.0,48.0,48.0,67.0,60.0,66.0,54.0,56.0,64.0,65.0,80.0,54.0,2961810.0,2.1946039752718776e-05,1.620630627893079e-05,1.620630627893079e-05,2.2621302514340895e-05,2.0257882848663488e-05,2.2283671133529833e-05,1.823209456379714e-05,1.8907357325419254e-05,2.1608408371907718e-05,2.1946039752718776e-05,2.7010510464884647e-05,1.823209456379714e-05
SONORA,2018,26,44.0,36.0,57.0,58.0,55.0,54.0,78.0,74.0,91.0,68.0,60.0,70.0,3000127.0,1.4666045804060961e-05,1.1999492021504422e-05,1.8999195700715336e-05,1.9332514923534903e-05,1.8332557255076203e-05,1.7999238032256633e-05,2.599889937992625e-05,2.466562248864798e-05,3.0332049276580626e-05,2.2665707151730575e-05,1.999915336917404e-05,2.333234559736971e-05
SONORA,2019,26,70.0,48.0,66.0,62.0,65.0,128.0,98.0,106.0,90.0,109.0,112.0,108.0,3037752.0,2.3043355744642748e-05,1.5801158224897885e-05,2.1726592559234592e-05,2.0409829373826436e-05,2.1397401762882554e-05,4.2136421933061025e-05,3.2260698042499846e-05,3.4894224413316165e-05,2.9627171671683535e-05,3.588179680237228e-05,3.68693691914284e-05,3.555260600602024e-05
SONORA,2020,26,104.0,105.0,86.0,104.0,125.0,101.0,117.0,129.0,108.0,119.0,109.0,123.0,3074745.0,3.382394312373872e-05,3.4149173346082356e-05,2.796979912155317e-05,3.382394312373872e-05,4.065377779295519e-05,3.284825245670779e-05,3.8051936014206056e-05,4.195469868232976e-05,3.5124864013113284e-05,3.870239645889334e-05,3.545009423545692e-05,4.0003317348267907e-05
SONORA,2021,26,125.0,110.0,142.0,147.0,146.0,119.0,158.0,138.0,123.0,136.0,121.0,135.0,3111119.0,4.017846954745222e-05,3.5357053201757955e-05,4.564274140590572e-05,4.724988018780381e-05,4.692845243142419e-05,3.8249903009174515e-05,5.078558550797961e-05,4.435703038038725e-05,3.9535614034692985e-05,4.3714174867628016e-05,3.8892758521933747e-05,4.3392747111248397e-05
SONORA,2022,26,132.0,91.0,112.0,113.0,135.0,119.0,121.0,115.0,121.0,113.0,107.0,164.0,3146894.0,4.1946122112788036e-05,2.8917402365634176e-05,3.559064906539591e-05,3.590842271776552e-05,4.2899443069896856e-05,3.781506463198316e-05,3.845061193672237e-05,3.654397002250473e-05,3.845061193672237e-05,3.590842271776552e-05,3.400178080354788e-05,5.2114878988615444e-05
SONORA,2023,26,125.0,113.0,119.0,76.0,85.0,0.0,0.0,0.0,0.0,0.0,0.0,0.0,3182072.0,3.9282580658137215e-05,3.551145291495604e-05,3.739701678654663e-05,2.3883809040147425e-05,2.6712154847533306e-05,0.0,0.0,0.0,0.0,0.0,0.0,0.0
TABASCO,2015,27,23.0,12.0,18.0,17.0,16.0,22.0,28.0,23.0,18.0,21.0,17.0,18.0,2426269.0,9.479575430424244e-06,4.945865441960475e-06,7.418798162940713e-06,7.006642709444007e-06,6.5944872559473e-06,9.067419976927538e-06,1.1540352697907775e-05,9.479575430424244e-06,7.418798162940713e-06,8.655264523430832e-06,7.006642709444007e-06,7.418798162940713e-06
TABASCO,2016,27,11.0,19.0,22.0,18.0,25.0,17.0,22.0,21.0,22.0,28.0,34.0,37.0,2457373.0,4.476324920962345e-06,7.731833954389504e-06,8.95264984192469e-06,7.324895325211109e-06,1.0173465729459874e-05,6.917956696032714e-06,8.95264984192469e-06,8.545711212746294e-06,8.95264984192469e-06,1.139428161699506e-05,1.3835913392065428e-05,1.5056729279600614e-05
TABASCO,2017,27,28.0,34.0,26.0,27.0,32.0,26.0,34.0,36.0,32.0,37.0,35.0,41.0,2486932.0,1.1258852272599331e-05,1.3671463473870617e-05,1.0454648538842237e-05,1.0856750405720783e-05,1.286725974011352e-05,1.0454648538842237e-05,1.3671463473870617e-05,1.4475667207627712e-05,1.286725974011352e-05,1.4877769074506258e-05,1.4073565340749164e-05,1.6486176542020448e-05
TABASCO,2018,27,32.0,33.0,32.0,36.0,53.0,53.0,65.0,45.0,35.0,38.0,42.0,44.0,2515926.0,1.2718975041396289e-05,1.3116443011439923e-05,1.2718975041396289e-05,1.4308846921570825e-05,2.1065802412312602e-05,2.1065802412312602e-05,2.5835418052836214e-05,1.7886058651963533e-05,1.391137895152719e-05,1.5103782861658093e-05,1.669365474183263e-05,1.7488590681919897e-05
TABASCO,2019,27,36.0,52.0,57.0,64.0,50.0,50.0,39.0,39.0,46.0,54.0,42.0,35.0,2544372.0,1.4148874457036944e-05,2.043726310460892e-05,2.2402384556975158e-05,2.51535545902879e-05,1.965121452366242e-05,1.965121452366242e-05,1.5327947328456688e-05,1.5327947328456688e-05,1.8079117361769426e-05,2.1223311685555414e-05,1.6507020199876432e-05,1.3755850166563694e-05
TABASCO,2020,27,49.0,47.0,54.0,30.0,31.0,36.0,54.0,45.0,41.0,41.0,37.0,43.0,2572287.0,1.9049196298857787e-05,1.827167808257788e-05,2.0992991839557562e-05,1.1662773244198646e-05,1.20515323523386e-05,1.3995327893038375e-05,2.0992991839557562e-05,1.7494159866297967e-05,1.593912343373815e-05,1.593912343373815e-05,1.4384087001178329e-05,1.6716641650018058e-05
TABASCO,2021,27,32.0,40.0,35.0,46.0,39.0,33.0,28.0,41.0,34.0,23.0,17.0,22.0,2599658.0,1.2309311455583773e-05,1.5386639319479716e-05,1.3463309404544752e-05,1.7694635217401672e-05,1.5001973336492723e-05,1.2693977438570766e-05,1.0770647523635802e-05,1.577130530246671e-05,1.3078643421557759e-05,8.847317608700836e-06,6.539321710778879e-06,8.462651625713843e-06
TABASCO,2022,27,28.0,22.0,20.0,23.0,27.0,24.0,26.0,22.0,27.0,24.0,18.0,29.0,2626490.0,1.0660615498250516e-05,8.37619789148255e-06,7.614725355893227e-06,8.756934159277211e-06,1.0279879230455856e-05,9.137670427071871e-06,9.899142962661194e-06,8.37619789148255e-06,1.0279879230455856e-05,9.137670427071871e-06,6.853252820303904e-06,1.1041351766045178e-05
TABASCO,2023,27,21.0,18.0,22.0,25.0,22.0,0.0,0.0,0.0,0.0,0.0,0.0,0.0,2652789.0,7.916196878078129e-06,6.7853116097812525e-06,8.293158634177087e-06,9.424043902473962e-06,8.293158634177087e-06,0.0,0.0,0.0,0.0,0.0,0.0,0.0
TAMAULIPAS,2015,28,36.0,67.0,51.0,57.0,44.0,47.0,45.0,46.0,37.0,28.0,44.0,31.0,3494719.0,1.0301257411540098e-05,1.917178462703296e-05,1.4593447999681805e-05,1.6310324234938487e-05,1.2590425725215675e-05,1.3448863842844017e-05,1.2876571764425123e-05,1.316271780363457e-05,1.0587403450749545e-05,8.01208909786452e-06,1.2590425725215675e-05,8.870527215492862e-06
TAMAULIPAS,2016,28,30.0,40.0,61.0,47.0,47.0,53.0,60.0,45.0,60.0,55.0,50.0,46.0,3527104.0,8.505561503148191e-06,1.1340748670864256e-05,1.729464172306799e-05,1.33253796882655e-05,1.33253796882655e-05,1.502649198889514e-05,1.7011123006296382e-05,1.2758342254722288e-05,1.7011123006296382e-05,1.559352942243835e-05,1.4175935838580319e-05,1.3041860971493893e-05
TAMAULIPAS,2017,28,45.0,49.0,41.0,45.0,72.0,84.0,57.0,69.0,76.0,93.0,93.0,77.0,3559268.0,1.2643049076383122e-05,1.376687566095051e-05,1.1519222491815734e-05,1.2643049076383122e-05,2.0228878522212995e-05,2.360035827591516e-05,1.6014528830085286e-05,1.9386008583787453e-05,2.1352705106780382e-05,2.6128968091191783e-05,2.6128968091191783e-05,2.163366175292223e-05
TAMAULIPAS,2018,28,71.0,69.0,97.0,81.0,96.0,65.0,78.0,67.0,64.0,46.0,52.0,65.0,3590486.0,1.9774481783246057e-05,1.921745412737997e-05,2.7015841309505177e-05,2.2559620062576488e-05,2.673732748157213e-05,1.81033988156478e-05,2.1724078578777356e-05,1.8660426471513883e-05,1.7824884987714754e-05,1.281163608491998e-05,1.4482719052518238e-05,1.81033988156478e-05
TAMAULIPAS,2019,28,53.0,59.0,61.0,53.0,47.0,55.0,67.0,61.0,49.0,61.0,48.0,49.0,3620910.0,1.4637204459652407e-05,1.629424647395268e-05,1.684659381205277e-05,1.4637204459652407e-05,1.2980162445352135e-05,1.5189551797752498e-05,1.8503635826353044e-05,1.684659381205277e-05,1.3532509783452226e-05,1.684659381205277e-05,1.3256336114402181e-05,1.3532509783452226e-05
TAMAULIPAS,2020,28,58.0,73.0,46.0,47.0,51.0,49.0,55.0,51.0,43.0,40.0,30.0,29.0,3650602.0,1.5887790561666266e-05,1.9996701913821336e-05,1.2600661479942212e-05,1.2874588903419217e-05,1.3970298597327235e-05,1.3422443750373227e-05,1.5066008291235253e-05,1.3970298597327235e-05,1.1778879209511198e-05,1.0957096939080185e-05,8.217822704310138e-06,7.943895280833133e-06
TAMAULIPAS,2021,28,35.0,39.0,40.0,42.0,47.0,47.0,35.0,56.0,50.0,58.0,37.0,39.0,3679623.0,9.511844012280605e-06,1.0598911899398389e-05,1.0870678871177835e-05,1.1414212814736727e-05,1.2773047673633956e-05,1.2773047673633956e-05,9.511844012280605e-06,1.521895041964897e-05,1.3588348588972294e-05,1.576248436320786e-05,1.0055377955839497e-05,1.0598911899398389e-05
TAMAULIPAS,2022,28,34.0,23.0,27.0,30.0,38.0,40.0,36.0,46.0,29.0,26.0,26.0,27.0,3708008.0,9.169343755461154e-06,6.2027913639884276e-06,7.281537688160327e-06,8.090597431289253e-06,1.0248090079633054e-05,1.0787463241719004e-05,9.708716917547103e-06,1.2405582727976855e-05,7.820910850246278e-06,7.0118511071173525e-06,7.0118511071173525e-06,7.281537688160327e-06
TAMAULIPAS,2023,28,26.0,23.0,31.0,31.0,44.0,0.0,0.0,0.0,0.0,0.0,0.0,0.0,3735776.0,6.959732061022931e-06,6.156686053981823e-06,8.29814207275811e-06,8.29814207275811e-06,1.1778008103269576e-05,0.0,0.0,0.0,0.0,0.0,0.0,0.0
TLAXCALA,2015,29,5.0,3.0,7.0,8.0,2.0,6.0,3.0,4.0,2.0,6.0,5.0,8.0,1295194.0,3.860425542428393e-06,2.316255325457036e-06,5.40459575939975e-06,6.176680867885429e-06,1.5441702169713572e-06,4.632510650914072e-06,2.316255325457036e-06,3.0883404339427144e-06,1.5441702169713572e-06,4.632510650914072e-06,3.860425542428393e-06,6.176680867885429e-06
TLAXCALA,2016,29,6.0,5.0,9.0,3.0,4.0,5.0,7.0,11.0,8.0,5.0,8.0,5.0,1314415.0,4.564768357025749e-06,3.803973630854791e-06,6.847152535538624e-06,2.2823841785128746e-06,3.0431789046838326e-06,3.803973630854791e-06,5.325563083196708e-06,8.36874198788054e-06,6.086357809367665e-06,3.803973630854791e-06,6.086357809367665e-06,3.803973630854791e-06
TLAXCALA,2017,29,7.0,10.0,11.0,10.0,9.0,10.0,8.0,11.0,11.0,8.0,10.0,15.0,1331372.0,5.257734126900671e-06,7.511048752715244e-06,8.262153627986768e-06,7.511048752715244e-06,6.75994387744372e-06,7.511048752715244e-06,6.008839002172196e-06,8.262153627986768e-06,8.262153627986768e-06,6.008839002172196e-06,7.511048752715244e-06,1.1266573129072867e-05
TLAXCALA,2018,29,13.0,16.0,7.0,8.0,14.0,6.0,12.0,10.0,12.0,12.0,5.0,8.0,1347932.0,9.644403426879101e-06,1.1870034986928124e-05,5.193140306781054e-06,5.935017493464062e-06,1.0386280613562108e-05,4.451263120098047e-06,8.902526240196093e-06,7.418771866830077e-06,8.902526240196093e-06,8.902526240196093e-06,3.7093859334150386e-06,5.935017493464062e-06
TLAXCALA,2019,29,15.0,7.0,13.0,14.0,12.0,23.0,7.0,12.0,17.0,8.0,10.0,13.0,1364147.0,1.0995882408567406e-05,5.131411790664789e-06,9.529764754091752e-06,1.0262823581329578e-05,8.796705926853924e-06,1.686035302647002e-05,5.131411790664789e-06,8.796705926853924e-06,1.246200006304306e-05,5.864470617902616e-06,7.33058827237827e-06,9.529764754091752e-06
TLAXCALA,2020,29,14.0,9.0,13.0,5.0,5.0,8.0,9.0,9.0,15.0,5.0,12.0,5.0,1380011.0,1.014484667151204e-05,6.5216871459720245e-06,9.420214766404035e-06,3.623159525540014e-06,3.623159525540014e-06,5.797055240864022e-06,6.5216871459720245e-06,6.5216871459720245e-06,1.0869478576620042e-05,3.623159525540014e-06,8.695582861296033e-06,3.623159525540014e-06
TLAXCALA,2021,29,8.0,6.0,13.0,10.0,11.0,10.0,9.0,7.0,14.0,13.0,9.0,7.0,1395545.0,5.732527435518024e-06,4.299395576638518e-06,9.315357082716789e-06,7.165659294397529e-06,7.882225223837283e-06,7.165659294397529e-06,6.4490933649577764e-06,5.015961506078271e-06,1.0031923012156542e-05,9.315357082716789e-06,6.4490933649577764e-06,5.015961506078271e-06
TLAXCALA,2022,29,5.0,11.0,10.0,18.0,10.0,13.0,9.0,12.0,8.0,17.0,7.0,11.0,1410744.0,3.544229144338023e-06,7.797304117543651e-06,7.088458288676046e-06,1.2759224919616883e-05,7.088458288676046e-06,9.21499577527886e-06,6.3796124598084416e-06,8.506149946411256e-06,5.670766630940837e-06,1.2050379090749279e-05,4.9619208020732325e-06,7.797304117543651e-06
TLAXCALA,2023,29,4.0,10.0,17.0,7.0,14.0,0.0,0.0,0.0,0.0,0.0,0.0,0.0,1425604.0,2.805828266475122e-06,7.014570666187806e-06,1.192477013251927e-05,4.910199466331464e-06,9.820398932662928e-06,0.0,0.0,0.0,0.0,0.0,0.0,0.0
VERACRUZ DE IGNACIO DE LA LLAVE,2015,30,27.0,34.0,39.0,35.0,35.0,35.0,54.0,51.0,46.0,54.0,59.0,56.0,8241248.0,3.2762028275329174e-06,4.125588745782192e-06,4.732292973103103e-06,4.246929591246374e-06,4.246929591246374e-06,4.246929591246374e-06,6.552405655065835e-06,6.1883831186732886e-06,5.581678891352378e-06,6.552405655065835e-06,7.159109882386745e-06,6.795087345994199e-06
VERACRUZ DE IGNACIO DE LA LLAVE,2016,30,77.0,48.0,56.0,50.0,74.0,76.0,128.0,174.0,126.0,141.0,124.0,126.0,8316599.0,9.258592364498999e-06,5.771590045401972e-06,6.733521719635634e-06,6.012072963960388e-06,8.897867986661375e-06,9.13835090521979e-06,1.5390906787738593e-05,2.092201391458215e-05,1.5150423869180178e-05,1.6954045758368293e-05,1.4909940950621762e-05,1.5150423869180178e-05
VERACRUZ DE IGNACIO DE LA LLAVE,2017,30,115.0,113.0,152.0,113.0,137.0,158.0,152.0,153.0,160.0,176.0,141.0,152.0,8376971.0,1.3728112464517306e-05,1.34893626825257e-05,1.8144983431362005e-05,1.34893626825257e-05,1.6354360066424965e-05,1.886123277733682e-05,1.8144983431362005e-05,1.8264358322357808e-05,1.9099982559328426e-05,2.100998081526127e-05,1.6831859630408176e-05,1.8144983431362005e-05
VERACRUZ DE IGNACIO DE LA LLAVE,2018,30,131.0,124.0,147.0,134.0,135.0,134.0,109.0,119.0,126.0,124.0,110.0,104.0,8434163.0,1.553206880161078e-05,1.4702110926715549e-05,1.7429115372799885e-05,1.5887765033708738e-05,1.600633044440806e-05,1.5887765033708738e-05,1.2923629766225766e-05,1.4109283873218955e-05,1.4939241748114188e-05,1.4702110926715549e-05,1.3042195176925084e-05,1.2330802712729171e-05
VERACRUZ DE IGNACIO DE LA LLAVE,2019,30,118.0,124.0,143.0,124.0,124.0,142.0,127.0,127.0,106.0,103.0,95.0,98.0,8488447.0,1.3901247189267954e-05,1.4608090266688358e-05,1.684642667851964e-05,1.4608090266688358e-05,1.4608090266688358e-05,1.6728619498949572e-05,1.4961511805398561e-05,1.4961511805398561e-05,1.2487561034427145e-05,1.2134139495716943e-05,1.1191682059156404e-05,1.1545103597866607e-05
VERACRUZ DE IGNACIO DE LA LLAVE,2020,30,98.0,102.0,100.0,116.0,92.0,144.0,105.0,130.0,92.0,82.0,106.0,126.0,8539862.0,1.147559527308521e-05,1.1943986916884605e-05,1.1709791094984907e-05,1.3583357670182492e-05,1.0773007807386114e-05,1.6862099176778266e-05,1.2295280649734153e-05,1.5222728423480379e-05,1.0773007807386114e-05,9.602028697887624e-06,1.2412378560684001e-05,1.4754336779680982e-05
VERACRUZ DE IGNACIO DE LA LLAVE,2021,30,108.0,93.0,106.0,96.0,96.0,80.0,82.0,93.0,84.0,101.0,78.0,90.0,8588469.0,1.2575000270711812e-05,1.0828472455335171e-05,1.234212989532826e-05,1.11777780184105e-05,1.11777780184105e-05,9.314815015342083e-06,9.547685390725635e-06,1.0828472455335171e-05,9.780555766109187e-06,1.1759953956869379e-05,9.08194463995853e-06,1.0479166892259843e-05
VERACRUZ DE IGNACIO DE LA LLAVE,2022,30,82.0,56.0,78.0,77.0,77.0,62.0,70.0,86.0,71.0,69.0,59.0,67.0,8634299.0,9.497007226643414e-06,6.485761032829648e-06,9.033738581441296e-06,8.917921420140767e-06,8.917921420140767e-06,7.180664000632825e-06,8.10720129103706e-06,9.96027587184553e-06,8.22301845233759e-06,7.99138412973653e-06,6.833212516731237e-06,7.759749807135471e-06
VERACRUZ DE IGNACIO DE LA LLAVE,2023,30,78.0,47.0,64.0,79.0,83.0,0.0,0.0,0.0,0.0,0.0,0.0,0.0,8677408.0,8.98885934601669e-06,5.416363964907493e-06,7.3754743351931825e-06,9.104101132504084e-06,9.565068278453659e-06,0.0,0.0,0.0,0.0,0.0,0.0,0.0
YUCATAN,2015,31,1.0,1.0,8.0,3.0,8.0,4.0,7.0,1.0,4.0,2.0,4.0,9.0,2128802.0,4.697477736304269e-07,4.697477736304269e-07,3.757982189043415e-06,1.4092433208912807e-06,3.757982189043415e-06,1.8789910945217075e-06,3.288234415412988e-06,4.697477736304269e-07,1.8789910945217075e-06,9.394955472608538e-07,1.8789910945217075e-06,4.227729962673842e-06
YUCATAN,2016,31,2.0,9.0,3.0,1.0,5.0,3.0,3.0,6.0,4.0,6.0,6.0,2.0,2155883.0,9.276941281136314e-07,4.174623576511342e-06,1.391541192170447e-06,4.638470640568157e-07,2.3192353202840783e-06,1.391541192170447e-06,1.391541192170447e-06,2.783082384340894e-06,1.8553882562272628e-06,2.783082384340894e-06,2.783082384340894e-06,9.276941281136314e-07
YUCATAN,2017,31,7.0,6.0,3.0,4.0,2.0,1.0,2.0,6.0,2.0,0.0,2.0,2.0,2182255.0,3.2076911268389806e-06,2.749449537290555e-06,1.3747247686452775e-06,1.8329663581937033e-06,9.164831790968517e-07,4.5824158954842583e-07,9.164831790968517e-07,2.749449537290555e-06,9.164831790968517e-07,0.0,9.164831790968517e-07,9.164831790968517e-07
YUCATAN,2018,31,2.0,4.0,1.0,8.0,3.0,1.0,11.0,6.0,2.0,5.0,2.0,3.0,2208236.0,9.057002965262771e-07,1.8114005930525542e-06,4.5285014826313856e-07,3.6228011861051085e-06,1.3585504447894157e-06,4.5285014826313856e-07,4.981351630894524e-06,2.7171008895788313e-06,9.057002965262771e-07,2.2642507413156926e-06,9.057002965262771e-07,1.3585504447894157e-06
YUCATAN,2019,31,2.0,5.0,2.0,3.0,2.0,2.0,2.0,1.0,5.0,1.0,3.0,5.0,2233866.0,8.953088502175153e-07,2.238272125543788e-06,8.953088502175153e-07,1.3429632753262728e-06,8.953088502175153e-07,8.953088502175153e-07,8.953088502175153e-07,4.4765442510875763e-07,2.238272125543788e-06,4.4765442510875763e-07,1.3429632753262728e-06,2.238272125543788e-06
YUCATAN,2020,31,3.0,6.0,2.0,3.0,2.0,6.0,4.0,3.0,4.0,5.0,3.0,11.0,2259098.0,1.3279636385849574e-06,2.655927277169915e-06,8.853090923899716e-07,1.3279636385849574e-06,8.853090923899716e-07,2.655927277169915e-06,1.7706181847799432e-06,1.3279636385849574e-06,1.7706181847799432e-06,2.213272730974929e-06,1.3279636385849574e-06,4.869200008144843e-06
YUCATAN,2021,31,6.0,3.0,6.0,3.0,0.0,3.0,7.0,4.0,5.0,1.0,0.0,4.0,2283943.0,2.6270357885463865e-06,1.3135178942731932e-06,2.6270357885463865e-06,1.3135178942731932e-06,0.0,1.3135178942731932e-06,3.0648750866374513e-06,1.7513571923642578e-06,2.189196490455322e-06,4.3783929809106446e-07,0.0,1.7513571923642578e-06
YUCATAN,2022,31,4.0,5.0,2.0,1.0,6.0,2.0,4.0,4.0,3.0,4.0,2.0,2.0,2308370.0,1.7328244605500852e-06,2.1660305756876063e-06,8.664122302750426e-07,4.332061151375213e-07,2.5992366908251278e-06,8.664122302750426e-07,1.7328244605500852e-06,1.7328244605500852e-06,1.2996183454125639e-06,1.7328244605500852e-06,8.664122302750426e-07,8.664122302750426e-07
YUCATAN,2023,31,2.0,2.0,2.0,6.0,4.0,0.0,0.0,0.0,0.0,0.0,0.0,0.0,2332395.0,8.574876896923548e-07,8.574876896923548e-07,8.574876896923548e-07,2.5724630690770644e-06,1.7149753793847097e-06,0.0,0.0,0.0,0.0,0.0,0.0,0.0
ZACATECAS,2015,32,22.0,18.0,20.0,17.0,11.0,20.0,23.0,16.0,19.0,24.0,24.0,18.0,1601701.0,1.3735397555473837e-05,1.1238052545387685e-05,1.2486725050430761e-05,1.0613716292866146e-05,6.867698777736918e-06,1.2486725050430761e-05,1.4359733807995375e-05,9.98938004034461e-06,1.1862388797909223e-05,1.4984070060516913e-05,1.4984070060516913e-05,1.1238052545387685e-05
ZACATECAS,2016,32,31.0,36.0,28.0,26.0,38.0,38.0,37.0,57.0,45.0,36.0,34.0,43.0,1616675.0,1.917515889093355e-05,2.226792645398735e-05,1.7319498353101273e-05,1.6082391327879755e-05,2.350503347920887e-05,2.350503347920887e-05,2.288647996659811e-05,3.5257550218813306e-05,2.7834908067484188e-05,2.226792645398735e-05,2.1030819428765832e-05,2.659780104226267e-05
ZACATECAS,2017,32,47.0,33.0,38.0,41.0,38.0,33.0,54.0,65.0,57.0,69.0,42.0,34.0,1629789.0,2.883808885690111e-05,2.024801983569652e-05,2.3315901628983876e-05,2.5156630704956287e-05,2.3315901628983876e-05,2.024801983569652e-05,3.3133123367503404e-05,3.988246331273558e-05,3.497385244347581e-05,4.233676874736546e-05,2.5770207063613755e-05,2.0861596194353993e-05
ZACATECAS,2018,32,31.0,41.0,48.0,36.0,42.0,44.0,48.0,47.0,59.0,55.0,57.0,53.0,1642388.0,1.8874955248089975e-05,2.4963650489409324e-05,2.9225737158332865e-05,2.191930286874965e-05,2.557252001354126e-05,2.679025906180513e-05,2.9225737158332865e-05,2.861686763420093e-05,3.5923301923784146e-05,3.348782382725641e-05,3.4705562875520276e-05,3.227008477899254e-05
ZACATECAS,2019,32,39.0,35.0,46.0,36.0,49.0,43.0,49.0,36.0,40.0,45.0,48.0,44.0,1654593.0,2.357075123610459e-05,2.115323828881181e-05,2.780139889386695e-05,2.1757616525635007e-05,2.9614533604336533e-05,2.5988264183397366e-05,2.9614533604336533e-05,2.1757616525635007e-05,2.4175129472927782e-05,2.7197020657043757e-05,2.901015536751334e-05,2.6592642420220562e-05
ZACATECAS,2020,32,39.0,53.0,52.0,56.0,66.0,75.0,63.0,70.0,70.0,62.0,84.0,99.0,1666426.0,2.340337944799229e-05,3.180459258316901e-05,3.1204505930656386e-05,3.360485254070688e-05,3.9605719065833106e-05,4.500649893844671e-05,3.780545910829524e-05,4.20060656758836e-05,4.20060656758836e-05,3.720537245578261e-05,5.040727881106032e-05,5.940857859874966e-05
ZACATECAS,2021,32,109.0,95.0,80.0,82.0,96.0,75.0,87.0,102.0,119.0,107.0,102.0,80.0,1677911.0,6.496172919779416e-05,5.6618020860462804e-05,4.76783333561792e-05,4.887029169008368e-05,5.721400002741504e-05,4.4698437521418e-05,5.185018752484488e-05,6.0789875029128484e-05,7.092152086731656e-05,6.376977086388968e-05,6.0789875029128484e-05,4.76783333561792e-05
ZACATECAS,2022,32,100.0,56.0,85.0,83.0,72.0,77.0,84.0,71.0,67.0,99.0,98.0,89.0,1689080.0,5.9203826935373105e-05,3.3154143083808936e-05,5.032325289506714e-05,4.9139176356359676e-05,4.262675539346863e-05,4.5586946740237286e-05,4.97312146257134e-05,4.20347171241149e-05,3.966656404669998e-05,5.861178866601937e-05,5.801975039666564e-05,5.269140597248206e-05
ZACATECAS,2023,32,93.0,68.0,73.0,72.0,67.0,0.0,0.0,0.0,0.0,0.0,0.0,0.0,1699893.0,5.470932582227234e-05,4.000251780553247e-05,4.294387940888044e-05,4.235560708821085e-05,3.941424548486287e-05,0.0,0.0,0.0,0.0,0.0,0.0,0.0
